Date,Close,High,Low,Open,Volume
2020-01-01,726.844970703125,735.3666701356344,724.7506751612422,729.9262621571836,913648
2020-01-02,739.1941528320312,741.8180902646637,728.4337584387213,728.9152083782049,1452578
2020-01-03,740.1089477539062,742.0588435916266,733.4408775913918,738.7368271280923,708174
2020-01-06,722.8971557617188,735.655580422182,720.9713558129696,735.1741304349947,906262
2020-01-07,734.2352294921875,738.544182800097,729.1318132854493,731.803883869718,1008480
2020-01-08,728.89111328125,738.7608370529636,726.0265096460505,726.0265096460505,540976
2020-01-09,745.260498046875,746.1512275563713,737.5091648628566,740.1090065962684,516028
2020-01-10,745.1401977539062,749.9787941275479,741.4811892317813,746.2475563458187,385348
2020-01-13,743.0938720703125,750.339717036032,740.7829476652752,744.8030428326862,457820
2020-01-14,736.1610717773438,746.4881497277099,733.1038175690211,742.6124541102157,594756
2020-01-15,733.729736328125,741.6495646325544,731.3224865370222,740.710760722323,453546
2020-01-16,740.3255615234375,742.8772697561087,735.8962455101828,736.1610664898783,775492
2020-01-17,761.00390625,763.0019353781147,746.8011321459114,746.8011321459114,1234874
2020-01-20,737.5814208984375,774.8937969556365,735.1741708302311,774.1957179441581,1302672
2020-01-21,738.5202026367188,744.2976026261188,733.2483486546919,736.4740401404729,644382
2020-01-22,738.1109008789062,744.658608394087,737.0517345054011,741.6977382410967,398218
2020-01-23,735.1741333007812,742.1792541499632,732.285433366397,740.6626749302613,393250
2020-01-24,732.6224365234375,739.7238239752796,731.1540492958464,735.655595011169,640652
2020-01-27,725.3524780273438,733.8982145822498,724.5821698666844,729.420765339873,381234
2020-01-28,708.3814697265625,727.2061536096808,704.9390903558779,725.5692705708692,759576
2020-01-29,712.4015502929688,719.5029378807019,705.3242587138341,710.6202087792622,716770
2020-01-30,694.4915771484375,714.4476547651316,693.2879522313692,714.4476547651316,595176
2020-01-31,679.662841796875,700.148559800274,677.6166795970117,698.5838475297903,978428
2020-02-03,667.2174682617188,673.5485474922978,656.4570725559314,660.5493975406952,942420
2020-02-04,686.4754638671875,689.3641638382419,673.0189600103259,673.0670932556932,1526058
2020-02-05,697.1636962890625,699.2098587898865,688.569766769,690.3993002780376,787656
2020-02-06,701.7855224609375,706.0222467046955,693.3841856776635,699.5467684677143,674512
2020-02-07,690.2788696289062,699.4505147354126,687.7512573774316,699.4505147354126,391988
2020-02-10,691.7232055664062,695.9840258075681,679.3499655402991,688.4734184513387,437314
2020-02-11,699.3541259765625,705.6370707965659,695.7192144264868,696.0562058544506,701466
2020-02-12,707.7314453125,709.6572451636905,700.9911458333333,701.9299497524897,572624
2020-02-13,709.6331787109375,712.4015161123152,704.2168664038942,712.4015161123152,2405196
2020-02-14,715.7476196289062,722.6564150405337,699.6912746598036,711.5108363255655,1428950
2020-02-17,711.7756958007812,725.0637041221767,709.9702582905169,717.360504078382,1035614
2020-02-18,705.853759765625,712.0644758732324,701.9540269257423,712.0644758732324,741564
2020-02-19,724.197021484375,725.3043799238558,710.4035268582132,710.4035268582132,582292
2020-02-20,715.19384765625,726.0023747234384,714.2068518236887,721.54896301639,3023986
2020-02-24,695.623046875,711.1016767105622,693.0954342800572,711.1016767105622,800816
2020-02-25,681.877685546875,698.776569462818,678.8445269183001,698.1025276819398,616686
2020-02-26,669.8895263671875,681.251734352054,667.8914971589306,679.8555176299739,536584
2020-02-27,667.193359375,671.1171294224199,659.393834979171,669.2154256420231,692796
2020-02-28,639.6785888671875,654.1943189067847,637.9212845179493,654.1943189067847,782068
2020-03-02,633.0345458984375,658.9847136836752,627.570099935467,654.0017177398344,713922
2020-03-03,646.9002075195312,651.570248312893,636.3805383467468,640.3284042480994,903718
2020-03-04,644.7337036132812,651.4017735768255,629.7846593588188,650.0777862321571,3382632
2020-03-05,631.4215698242188,653.9774868129332,628.7735952652914,649.9573917367101,849180
2020-03-06,611.4654541015625,620.2759517944022,597.7681695179286,614.3300574284548,5165912
2020-03-09,535.926025390625,599.4051897564681,527.163601008846,599.4051897564681,3356308
2020-03-11,555.2322387695312,567.3407185965664,534.4095252843526,535.9261046102565,12107058
2020-03-12,511.1073303222656,529.9320143812156,505.2817968247919,523.3361726046202,2085464
2020-03-13,532.9169921875,548.8048414550947,452.49074988672476,483.857227694929,4340816
2020-03-16,488.79205322265625,519.7974412166861,484.12198291193516,513.0571420341033,1802300
2020-03-17,485.73492431640625,509.8555579377825,483.37580752552753,501.28572429606066,1929552
2020-03-18,466.4527893066406,498.34884965682625,462.7697146861077,492.5233168036212,2009348
2020-03-19,441.5377197265625,465.8028079899554,428.971888288424,445.34118593354907,3133548
2020-03-20,491.17529296875,497.6748385448892,447.7725639715939,452.08154732315495,3558754
2020-03-23,425.5295104980469,458.34033510673777,421.60571118481624,442.9339372880239,2495152
2020-03-24,454.0554504394531,467.1990579981025,431.2828729618917,454.00731719708125,2051048
2020-03-25,520.5677490234375,554.6303323699422,457.8588941699783,457.8588941699783,235217600
2020-03-26,517.4382934570312,537.8517815010871,502.22448797624844,524.780404622623,1843836
2020-03-27,512.9849243164062,533.3020888007426,504.1984626845204,529.5949476753138,174958740
2020-03-30,497.02484130859375,517.0772433664802,491.0789462139756,504.53544873183483,2954592
2020-03-31,535.5890502929688,543.557071618171,504.94480359079756,515.632970507583,4238798
2020-04-01,520.2789306640625,541.6071294345645,502.99486469359294,537.3944421255729,1650822
2020-04-03,519.0994262695312,544.8088709842991,508.89270860245904,544.0385626497433,2946812
2020-04-07,580.8212280273438,584.3357773792816,530.0763918408383,532.4836415767186,2493958
2020-04-08,573.9605712890625,591.6778942373139,559.37261425402,565.7036928687859,2144752
2020-04-09,586.9837036132812,593.5073733670641,574.4901020241325,583.1321043539533,1249560
2020-04-13,572.564453125,584.9617915046248,568.1110403090183,581.5916412655035,891838
2020-04-15,553.6915893554688,595.0480968419517,550.1528848813862,578.2214430524317,1668310
2020-04-16,562.6705322265625,571.6495855349643,552.0305001014095,552.0305001014095,1184128
2020-04-17,589.8003540039062,592.1353747814105,574.2253992761634,587.369007962645,1118628
2020-04-20,599.140380859375,605.1826013822701,578.8473120062332,590.4983775619366,1592778
2020-04-21,595.0962524414062,603.0401768598329,560.6243879484839,581.6396906641077,2294518
2020-04-22,656.384765625,666.6637101161621,625.8849236020784,635.5139224267258,5259100
2020-04-23,660.30859375,667.2173886457326,652.0035822719194,659.4419603483371,2930426
2020-04-24,682.383056640625,719.7676560131138,648.9945152546337,652.3165315749969,4904136
2020-04-27,688.617919921875,709.922081228105,685.0792156035633,693.2879611518904,2305534
2020-04-28,687.5587158203125,700.3893697492819,670.1542870072611,698.7765240443083,2603096
2020-04-29,686.6439208984375,699.5708995566857,683.8996795889564,696.1766537737634,1285934
2020-04-30,706.3111572265625,719.526934557068,693.2879128552545,700.028212008014,2554254
2020-05-04,691.0733032226562,705.2760774307661,683.5385993886109,694.2508612913379,1957714
2020-05-05,703.3983764648438,711.9682090772312,696.6580771694928,698.6079729739462,1313120
2020-05-06,703.7113037109375,714.4716979193887,696.1766005333127,703.8797994327132,1380266
2020-05-07,725.6654663085938,728.7707951026268,695.6470724735307,698.1024555630856,1983646
2020-05-08,751.9285278320312,760.5464346042664,740.2774042070326,746.2473951221587,2864732
2020-05-11,759.126220703125,777.4694523349209,756.8393334043524,761.653832980716,2132702
2020-05-12,712.6663208007812,759.7280555471257,700.5097090120836,759.7280555471257,5731294
2020-05-13,720.4417724609375,738.9053677123376,700.0282812534542,738.9053677123376,2979114
2020-05-14,691.0973510742188,720.4417626512768,688.4975681958408,708.6943713716726,1591910
2020-05-15,702.3873291015625,706.2870618607551,681.5164859602351,696.0321546321886,1907814
2020-05-18,693.6008911132812,713.5088350468425,687.5105374135567,708.5980690021871,2616038
2020-05-19,677.9537353515625,703.8316692672398,675.9557063741568,703.8316692672398,1428670
2020-05-20,690.7122192382812,696.1044354566204,670.9727702389787,677.5445741599694,1815744
2020-05-21,693.31201171875,703.3261352388297,686.2346623167291,692.3250158304435,1117646
2020-05-22,689.2437133789062,702.1947283504894,686.9327889594312,700.4133871039726,1158588
2020-05-26,685.4403076171875,697.6210155235168,681.8776248098571,692.9991075060823,937442
2020-05-27,696.6339721679688,700.0763510177917,679.9035866330503,690.3992189085777,1255066
2020-05-28,709.0072021484375,712.1606637094635,698.3671711852297,700.5095997173065,1283694
2020-05-29,705.4204711914062,708.4536295049254,699.5468050768987,708.06844602136,1180480
2020-06-01,732.0205688476562,741.0477556059674,710.4516458822465,712.5459414560252,2033958
2020-06-02,739.55517578125,741.4328421356115,732.285294083289,732.285294083289,837100
2020-06-03,742.6124877929688,750.5805083592189,738.1831715469996,743.8402087331579,889056
2020-06-04,760.6668701171875,765.024015931453,741.4329669820249,741.4329669820249,1421436
2020-06-05,760.979736328125,778.8415167123115,757.9466370765136,771.2346431934715,1316812
2020-06-08,755.9005126953125,781.8747138242165,753.493262960632,781.8747138242165,2223880
2020-06-09,740.0367431640625,761.8223544841127,738.0869060321205,760.6909587995416,1009268
2020-06-10,756.83935546875,760.2095052704556,741.7218146040922,741.9625395899283,843222
2020-06-11,740.2293701171875,755.3950450171494,737.0758491296884,755.3950450171494,661820
2020-06-12,764.927734375,766.9498007368167,719.7677037674456,719.7677037674456,1544478
2020-06-15,777.541748046875,783.1746895244247,751.8082691198163,759.2466480928308,2250800
2020-06-16,778.7453002929688,793.3572946370524,763.1704060412587,790.3000991844873,2535406
2020-06-17,777.7343139648438,787.1466258660803,771.2828724412104,774.171572337994,1781676
2020-06-18,797.401611328125,801.6142990860849,772.9921183417339,772.9921183417339,2027974
2020-06-19,847.1112670898438,861.121450204869,799.4958507803166,806.2842839627772,5858510
2020-06-22,841.1893920898438,868.5839080493134,835.2434965164772,854.5978212174836,4073664
2020-06-23,828.1179809570312,849.3499112531073,826.0718187413066,844.463182677875,2707058
2020-06-24,831.6326293945312,853.1293832260187,824.5312420341567,837.6267170391284,2717448
2020-06-25,827.1069946289062,842.0560404679849,825.1330614054015,832.4270405769845,1309314
2020-06-26,838.9746704101562,843.2595867157012,826.7458299362933,833.0769085276171,2770356
2020-06-29,829.6105346679688,837.1933717604405,825.6867056246987,831.9455552883262,1340214
2020-06-30,820.0778198242188,838.0599650016753,816.5391741902213,835.9416320852347,1985890
2020-07-01,836.7118530273438,841.8874398238722,822.677575680748,827.1309875754353,938276
2020-07-02,854.0048828125,857.0366231036272,841.3200695916885,848.8872815156063,1631550
2020-07-03,867.0778198242188,869.6487595628774,857.8613283128004,863.9490871808162,1714566
2020-07-06,898.0743408203125,901.275847056463,869.2606662675898,873.6991463560566,1898842
2020-07-07,884.7589721679688,907.096862439179,876.2458793882633,907.096862439179,1435434
2020-07-08,871.8558349609375,890.0220604147595,868.33901581646,885.7533459056441,1167296
2020-07-09,885.07421875,889.8280117327491,866.8352790031901,876.7793882474908,1410480
2020-07-10,911.2199096679688,914.0818844955551,885.0741681839744,887.6451077710917,2280558
2020-07-13,938.287353515625,944.4478266966372,921.6976335123122,925.772304699811,3145520
2020-07-14,929.7256469726562,941.5372956915323,915.7311451725789,938.4812776923786,2267106
2020-07-15,895.2608642578125,959.727808498557,872.2439132082562,940.4216605885484,5678048
2020-07-16,894.0481567382812,906.1266230314911,879.0834971032226,897.3952101757274,3294500
2020-07-17,927.15478515625,931.3022300436708,891.6712808079668,894.9698383148722,1978960
2020-07-20,931.0111694335938,936.8078337029427,921.4550876535016,931.3749783010512,1512614
2020-07-21,956.501953125,958.9031270392868,938.6268236491462,941.9253808750904,2068846
2020-07-22,972.1458129882812,975.0077879897941,950.7538629154211,960.4797105557184,2935892
2020-07-23,999.5770263671875,1008.429709547602,965.8398501037386,972.1458709993763,2758098
2020-07-24,1041.0753173828125,1049.1276668046964,997.2727108539602,999.2615798157968,5778544
2020-07-27,1045.756591796875,1066.5421356620127,1032.2713850351004,1062.0794368905829,4626580
2020-07-28,1056.234130859375,1063.9711090637227,1043.985899027527,1049.6128568637973,2178804
2020-07-29,1016.6516723632812,1059.9933589198038,1004.5974260367574,1057.4709747755342,3050440
2020-07-30,1022.8607177734375,1037.582897419599,1005.2281855941386,1018.6648361763245,2407642
2020-07-31,1002.6329345703125,1033.1444418367441,996.0116607287505,1030.7917638518315,2566472
2020-08-03,974.255859375,998.7766004737553,972.0972838025282,998.7766004737553,1429454
2020-08-04,1043.4765625,1051.1651040561292,970.7633430975212,978.4518254399666,4106394
2020-08-05,1031.5921630859375,1064.7473265242818,1027.3962813569153,1052.6203638076045,3587676
2020-08-06,1035.42431640625,1051.4319066054888,1022.0361026868492,1047.7695403138262,2497264
2020-08-07,1041.31787109375,1046.314202747836,1028.4148555516033,1030.5734309399515,1921552
2020-08-10,1028.1722412109375,1050.1704759625334,1022.6665539078969,1046.071587099433,1651252
2020-08-11,1035.1817626953125,1047.769525672432,1019.2226095117537,1036.9522517913597,1394734
2020-08-12,1032.0531005859375,1040.4448641917645,1021.8664517245375,1030.3067705530343,1405374
2020-08-13,1029.482177734375,1037.5829654198733,1023.5156881888419,1034.9150335312295,916406
2020-08-14,1025.50439453125,1046.0716733603915,1013.9109485648838,1029.4820141203234,2024690
2020-08-17,1014.517333984375,1022.2058750410714,1004.1124245746173,1020.1927283508466,1847598
2020-08-18,1027.760009765625,1034.6238227548852,1010.3941768295997,1013.6684565067291,1284800
2020-08-19,1034.769287109375,1044.8589421770564,1029.0211787485166,1039.0137233879493,1517536
2020-08-20,1016.8943481445312,1030.2581659107173,1012.7469033358609,1027.4205277775814,988400
2020-08-21,1009.8121948242188,1028.269455936407,1007.5323494977205,1028.269455936407,874398
2020-08-24,1016.748779296875,1020.9203831996693,1004.1851755144551,1018.0827451268559,1121572
2020-08-25,1009.9334716796875,1024.1462959032094,1008.1387048535314,1021.0902775627965,963768
2020-08-26,1036.5400390625,1041.5362528656242,993.0769581348861,1012.5528125195211,1714930
2020-08-27,1024.3402099609375,1042.191121839898,1020.4838597024368,1041.099695251981,794382
2020-08-28,1026.2320556640625,1034.1387399613016,1021.6722470022598,1028.3663535552141,927108
2020-08-31,1008.2599487304688,1053.590511268783,999.868066921169,1053.590511268783,1541794
2020-09-01,1012.625732421875,1029.2153948463297,1000.9352922073764,1016.2395438685334,1084774
2020-09-02,1032.5380859375,1036.6126977434599,1011.6311563612473,1016.2394018589371,3959546
2020-09-03,1024.5584716796875,1036.6127193670918,1020.217042937301,1032.2470130150546,549996
2020-09-04,1007.7020263671875,1017.2096123177378,1001.9781948213616,1001.9781948213616,922036
2020-09-07,1010.1273803710938,1021.0902014007839,992.1552581976881,1009.0602313995205,1250716
2020-09-08,1022.084716796875,1028.3664599303145,1009.3998424729148,1015.6574264223106,963264
2020-09-09,1048.3758544921875,1051.262047734062,1011.3886207593804,1011.3886207593804,1701352
2020-09-10,1122.786865234375,1136.975410886506,1055.6034952234286,1059.8964871763012,4899404
2020-09-11,1124.8243408203125,1133.6284683317874,1108.9137421407083,1122.7869163535588,2661270
2020-09-14,1116.8204345703125,1144.7851602886233,1106.9247629758097,1125.260752364209,1239952
2020-09-15,1124.3634033203125,1128.5351257747166,1109.9565956129172,1122.956723046838,1018282
2020-09-16,1127.2496337890625,1149.0538870188368,1121.3801370149047,1127.1768009631858,1306328
2020-09-17,1115.3653564453125,1132.3672640445338,1112.2850604333892,1124.8971021129655,843732
2020-09-18,1118.3486328125,1125.1882879573232,1104.548171308857,1123.3449657228603,1036778
2020-09-21,1093.9248046875,1133.4102682710559,1090.456540552689,1118.1060168923257,1002018
2020-09-22,1072.5811767578125,1109.3744248840935,1067.8275026479866,1109.3744248840935,1386664
2020-09-23,1081.5067138671875,1104.2811240827411,1070.1558067450849,1103.5535063862228,1548288
2020-09-24,1058.02880859375,1079.784624339181,1055.3608771319955,1072.0233691777134,878162
2020-09-25,1067.9971923828125,1073.2846185081016,1051.9411668539233,1065.2322689221742,826170
2020-09-28,1074.8126220703125,1085.9451492937937,1070.6894550669963,1081.2399118107758,1032906
2020-09-29,1088.928466796875,1098.2176722633162,1075.4916982379823,1077.8443762230957,650574
2020-09-30,1083.5440673828125,1099.9397438841954,1079.3481858526452,1098.6057780485814,3121380
2020-10-01,1079.3238525390625,1098.2176348956336,1073.8909974653332,1098.2176348956336,570360
2020-10-05,1072.5811767578125,1090.941443622355,1069.8405308622073,1089.4862082595864,786158
2020-10-06,1072.0960693359375,1083.665237528298,1067.8759105834065,1080.7547668814002,519542
2020-10-07,1094.8948974609375,1120.2402492840179,1077.3593569198401,1083.3015685912799,1750242
2020-10-08,1086.0421142578125,1100.157944782714,1078.0383196859807,1097.1504820230123,838116
2020-10-09,1083.5198974609375,1092.7121119926464,1075.5161016517798,1085.1206803082443,610044
2020-10-12,1084.9266357421875,1093.7793184917964,1080.1971203006156,1083.422845000073,524484
2020-10-13,1106.10009765625,1108.8650210408994,1080.851741514686,1082.7920552481032,819140
2020-10-14,1109.54443359375,1117.7179358461112,1100.9100119915738,1108.3558964419658,613630
2020-10-15,1069.8648681640625,1111.6543319589625,1064.7958217197258,1111.3148007075101,3029716
2020-10-16,1055.2880859375,1082.6950162319008,1054.099667512858,1074.3516912259772,880218
2020-10-19,1055.433837890625,1080.9488962703604,1045.8292597786128,1063.2920860086824,704452
2020-10-20,1045.586669921875,1064.1166442837302,1043.9858872427849,1059.2658594545867,728276
2020-10-21,1029.94287109375,1062.8069377446868,1018.058448467212,1053.1539234720353,1069114
2020-10-22,1022.1088256835938,1034.6965874839632,1014.5415546679857,1029.8215254889476,603932
2020-10-23,1024.7525634765625,1035.5455596235659,1016.5546661332074,1023.0305111923545,1237080
2020-10-26,984.0787353515625,1021.575327318972,979.1066806958078,1019.1499348039696,1121710
2020-10-27,986.7467041015625,999.2617536335152,972.8492518406671,985.6795550404383,952110
2020-10-28,975.3472900390625,998.2429709379621,973.5040273168352,991.5004273402052,3038094
2020-10-29,983.035888671875,990.675875286336,965.6700541421021,969.8659951413528,769570
2020-10-30,996.52099609375,1001.5172095621692,980.8286603147047,987.1346803859664,708868
2020-11-02,910.6378173828125,986.4070492108574,902.2459363325275,986.4070492108574,2888486
2020-11-03,897.1283569335938,926.2573428814549,890.1189966941448,915.8281557267278,2328198
2020-11-04,928.1734008789062,935.6436213700481,892.5444099393543,892.5444099393543,2131260
2020-11-05,948.376953125,950.7538495917161,936.8806164863287,945.4179861501299,1909174
2020-11-06,984.2242431640625,989.5601064833354,959.315474875466,964.3360253376818,3773746
2020-11-09,994.5565185546875,1004.1125417642639,989.0266115544077,998.631130773506,1687382
2020-11-10,1011.146240234375,1013.8141722666558,990.4334097783267,1006.5379939967993,2137294
2020-11-11,968.6532592773438,1016.4092726762219,959.9703423672129,1014.7842123457349,1622378
2020-11-12,960.3826293945312,974.2073662560421,953.179225714691,962.8807954420671,1422928
2020-11-13,968.2650756835938,987.9350303841405,960.9404029806414,965.3061090012501,3650242
2020-11-14,971.0302124023438,978.0395733841477,968.2167332794837,976.4630681821646,199970
2020-11-17,966.712890625,1010.9035272127243,962.8807588854403,1010.9035272127243,1286592
2020-11-18,963.947998046875,973.3828106597756,951.2389646825367,968.9200528087292,855964
2020-11-19,956.8900756835938,975.007745073948,954.6344489082237,963.5599047854678,1605466
2020-11-20,921.2610473632812,962.4442231340082,919.0296981451373,959.3882641657947,1726366
2020-11-23,946.2911987304688,955.6046826115637,934.7463062906006,935.7164633287849,1197264
2020-11-24,953.227783203125,957.3509506032012,936.7836096118484,951.7240516411285,1501008
2020-11-25,944.8116455078125,966.2763690676743,942.1679913763088,960.4554270853389,1828126
2020-11-26,947.7463989257812,953.1064808335444,936.395550159806,945.9273545470571,901710
2020-11-27,936.128662109375,948.7407021760926,932.1025463855152,941.5372988268763,1046382
2020-12-01,947.9888916015625,953.615790093896,936.6865393982346,938.7481229261696,1186678
2020-12-02,949.5896606445312,952.1848187792193,938.6268983770249,952.1848187792193,440276
2020-12-03,952.4273681640625,960.9890156309021,949.80799160469,955.6046560613139,2978254
2020-12-04,944.2294921875,954.5616277718217,941.0522046153119,952.2090091030192,500672
2020-12-07,949.8079223632812,953.1791940460636,942.0223892302572,942.0223892302572,587618
2020-12-08,967.125244140625,977.045075623892,945.9758337165122,952.2090805005878,1366480
2020-12-09,983.0843505859375,986.5526736920962,970.1569967613557,976.4630172403045,1834484
2020-12-10,973.6495361328125,983.9332358041812,970.6177955245699,979.8585645839665,540354
2020-12-11,972.8734130859375,988.4929760785985,957.7389877996444,975.5898408022358,1378056
2020-12-14,965.8640747070312,977.5544548061519,963.875264684141,976.463028172576,465806
2020-12-15,957.5448608398438,966.712855392748,951.4813802114253,966.712855392748,423070
2020-12-16,958.5393676757812,967.7315813165987,953.5430355754908,964.3360319084703,545496
2020-12-17,962.9050903320312,972.5823826232833,959.0486807679831,960.8920027347376,477668
2020-12-18,966.3976440429688,972.5823949334432,953.1792548848957,961.9106679067421,436660
2020-12-21,940.9310302734375,980.8287373181547,900.3299830817949,975.0077952569194,2999220
2020-12-22,939.4030151367188,949.977750165863,915.7069421565978,941.0522938862666,1944482
2020-12-23,942.8955688476562,946.4851022124865,931.3506773903656,937.5597055917739,599486
2020-12-24,967.197998046875,969.5021208386247,944.4720829857226,946.2911272949987,578758
2020-12-28,971.7334594726562,982.2354203470077,968.022597279257,972.1457643355493,671036
2020-12-29,964.9181518554688,976.3660521033357,961.7166455207625,973.722338686175,500034
2020-12-30,967.9741821289062,973.479811462397,958.4666550241483,966.5432241870791,448554
2020-12-31,962.7110595703125,975.4928662384575,960.4554326962436,967.6103405913293,931590
2021-01-01,963.9237670898438,968.8473257789477,961.5711481734793,963.4386885828125,315426
2021-01-04,965.62158203125,969.138401353515,954.5860455372463,964.6029289668487,691706
2021-01-05,953.664306640625,962.3957194175993,948.8135217645283,956.5990551761366,677098
2021-01-06,928.5130004882812,954.6344652479859,924.0745204763277,954.6344652479859,1728078
2021-01-07,926.9849243164062,943.5745837348705,924.3897664338186,932.2722913004548,1129950
2021-01-08,937.6810302734375,940.1791372098941,927.8096352994452,931.7873145792514,599608
2021-01-11,920.19384765625,940.5186471725742,917.8897249486237,938.6268293172609,831146
2021-01-12,949.1287841796875,950.7537851840775,921.6490774743609,926.4998620926469,995586
2021-01-13,940.6156616210938,958.005713155016,930.6958304654878,953.0822139911469,949868
2021-01-14,951.0447998046875,953.9067745101793,939.1361593531207,940.6156131014234,3659680
2021-01-15,939.8881225585938,957.1326875208887,931.4235261236598,950.7538931805371,2532814
2021-01-18,962.1531982421875,968.50771470647,932.6361835595715,941.0522836349098,2727010
2021-01-19,978.063720703125,985.1458543627735,967.076681762512,967.2464473804497,1183838
2021-01-20,996.7635498046875,998.3157772362251,970.7632962238255,981.0712137977199,977154
2021-01-21,1017.621826171875,1028.2692739665777,1006.5377367361535,1009.9332857275526,3090176
2021-01-22,994.2410888671875,1026.3775391273668,987.2317283072332,1025.8440238398443,1015886
2021-01-25,940.9066772460938,995.3810126883399,937.2685887494258,995.3810126883399,2691040
2021-01-27,919.3450317382812,936.2985017128802,915.8282125956339,936.2985017128802,3480356
2021-01-28,910.2982788085938,932.9756981243509,907.1695462462244,911.4624790226205,4138760
2021-01-29,894.0724487304688,927.3488219733182,887.6936546154949,920.0483668660069,1853630
2021-02-01,919.3934936523438,923.9289656391792,895.0667958146311,895.0667958146311,1637018
2021-02-02,934.4794921875,940.2277200267173,899.820655581182,929.264898091814,2177866
2021-02-03,936.3469848632812,946.3880854053286,921.6490836853534,934.7462022429874,1843092
2021-02-04,933.2667846679688,940.9067712744641,924.0988481111231,931.8358267350836,3238030
2021-02-05,933.2909545898438,943.089515770648,931.3506407549376,937.6566607183825,644028
2021-02-08,946.6306762695312,954.7557410030771,935.7406878195953,936.7835592054921,1404464
2021-02-09,948.7892456054688,965.3061918193073,946.8732092619537,954.4889178435977,1204324
2021-02-10,958.1512451171875,962.3714041086016,935.2312874754778,949.6380943076517,941976
2021-02-11,997.1031494140625,1000.3288741168151,956.1867299503868,959.2184706211581,3885292
2021-02-12,990.1664428710938,1007.750537692442,977.6999496763277,999.1161171015902,1281256
2021-02-15,985.9705200195312,999.5284992481985,982.4779786014874,993.9258190425006,651568
2021-02-16,999.0918579101562,1008.4781740001513,988.3474167990901,989.5601130160214,722930
2021-02-17,1010.2972412109375,1016.2394528085051,994.8232845033207,998.2915483913621,1384966
2021-02-18,1001.9296875,1022.3999774492383,999.1162083860576,1011.7525275735294,597076
2021-02-19,1009.22998046875,1021.0658471328047,998.2914378697885,1001.6869869781891,797346
2021-02-22,973.7465209960938,1013.6684430763951,967.7800322002371,1008.9632056585555,1298030
2021-02-23,981.920166015625,995.9147282881664,976.8511193121335,983.739210413579,841832
2021-02-24,1001.9539184570312,1009.6908968395813,970.4238159854613,982.6720480994173,3161992
2021-02-25,1040.420654296875,1044.0101877783197,1004.5975601760485,1007.9931096310135,4802604
2021-02-26,1010.8307495117188,1034.8662913516805,1004.1850801750581,1023.0304248457902,1805206
2021-03-01,1019.22265625,1025.674224069952,1000.8139506194256,1025.674224069952,733402
2021-03-02,1021.67236328125,1033.2172558347372,1013.4503059871948,1030.306784691541,539556
2021-03-03,1067.82763671875,1076.8743036555381,1022.1574234599985,1029.1910619298208,2202222
2021-03-04,1055.3853759765625,1062.152198053501,1046.7995093398351,1057.3256901736706,2633390
2021-03-05,1056.767822265625,1073.2362141601448,1045.3441995548528,1051.6502202482231,860894
2021-03-08,1062.5400390625,1082.20999337612,1052.3533918814608,1053.3478263631755,750096
2021-03-09,1062.4188232421875,1074.303245555094,1041.075370925131,1067.1726158528218,624570
2021-03-10,1058.295654296875,1074.812599573445,1052.6929743888722,1072.5084768845252,498398
2021-03-12,1037.4130859375,1069.5980917612167,1030.1369084425257,1066.687620763227,596562
2021-03-15,1022.9093017578125,1042.3367196509453,1009.3998179653091,1037.4131017478883,1026218
2021-03-16,1018.883056640625,1031.1798433227966,1016.7487587267808,1025.8439801108243,446222
2021-03-17,996.9090576171875,1020.483920696198,987.30453859767,1018.6648762742795,486394
2021-03-18,974.7652587890625,1011.3886860289601,970.6420914839084,1004.6461421597149,1950548
2021-03-19,1009.8848266601562,1016.2394020342747,961.0374480616899,964.4815525946601,1458710
2021-03-22,1000.1591186523438,1006.5378533399137,986.6011395092668,1006.5378533399137,634274
2021-03-23,1013.3530883789062,1023.466902293589,997.9275710684631,1001.2018503756509,1157586
2021-03-24,993.1012573242188,1009.2301177835985,989.9482470088512,1009.2301177835985,615138
2021-03-25,966.64013671875,998.073245768355,962.8807785154779,994.6776964234641,619242
2021-03-26,967.3677978515625,977.4088991080607,957.0841573452582,975.007784220454,1600308
2021-03-30,984.0302124023438,993.6832861904994,966.2763515213447,974.8622171039077,532020
2021-03-31,971.709228515625,994.3623708034896,969.6719224989997,977.6029441394337,415802
2021-04-01,980.6831665039062,984.7093416849386,971.7819879920031,979.7130095170245,493186
2021-04-05,966.6644287109375,982.2839322443626,951.6512140701539,982.2839322443626,506730
2021-04-06,962.2259521484375,972.582365998503,955.6046189611227,970.7633216730694,675134
2021-04-07,971.5151977539062,992.5190602869932,966.3733185249996,966.3733185249996,563048
2021-04-08,972.5823974609375,980.416427118634,967.0039946824832,975.0320675839064,3069966
2021-04-09,961.7409057617188,973.4555634512482,960.5039318936643,971.6122414544778,482322
2021-04-12,927.1305541992188,953.7855939008276,921.9159603609816,948.8378169211829,1332200
2021-04-13,937.1231689453125,941.1250665829212,930.5503315641299,933.7761154420302,530966
2021-04-15,942.944091796875,951.0691565323201,928.2461898138503,931.5932432490986,657484
2021-04-16,938.1417846679688,945.6605011428154,934.5521920565959,942.9925694904505,2988770
2021-04-19,922.8861083984375,929.7014256810431,917.2834281318311,922.1342130505611,971800
2021-04-20,922.3281860351562,931.3021374512496,917.065096641967,928.7796939574378,829318
2021-04-22,924.5838012695312,928.6584128696056,910.7832838692507,919.7087391723082,2360014
2021-04-23,923.783447265625,930.8655810630771,919.7087762874384,923.1043255669805,740086
2021-04-26,939.8152465820312,951.2388680970212,927.3972497438474,929.5316068286164,2661244
2021-04-27,964.7726440429688,968.968584926146,941.4888759572876,942.5075289682993,696696
2021-04-28,968.240966796875,973.7465959472568,960.8192420369771,969.8901863313553,884804
2021-04-29,981.4107666015625,991.985501253948,974.0375973192799,978.2335380548509,506026
2021-04-30,967.4647216796875,987.8137988324378,964.0449540266553,977.2875606045262,642948
2021-05-03,950.3900756835938,959.9703763061539,942.847081128205,952.5486513788989,1387884
2021-05-04,929.6771850585938,954.3919099431873,926.9849758075889,947.8433504594602,2043678
2021-05-05,931.2294311523438,940.0336175883425,925.6025325112323,931.2051535423712,574570
2021-05-06,936.1529541015625,938.2145376056819,925.165914878049,934.2611362197522,463042
2021-05-07,936.8321533203125,948.5467520067768,934.2127175144271,941.052312686577,357338
2021-05-10,934.1156005859375,944.0112133712593,931.5447201829844,942.8712907916878,451162
2021-05-11,937.9962158203125,940.3973897803114,926.5241573504792,929.8954290389353,531738
2021-05-12,928.2219848632812,938.1418164761203,925.4085058853767,938.1418164761203,746228
2021-05-14,939.524169921875,941.7797965232161,924.8020510283345,933.824498220022,1031768
2021-05-17,951.0206298828125,952.2818220777765,936.6865372304015,940.4216178104257,810282
2021-05-18,964.239013671875,971.4424171633265,956.6232461068487,959.4852209443126,1156234
2021-05-19,968.3864135742188,978.2092528131766,956.6232604115163,961.4255492155208,1127424
2021-05-20,963.0263671875,975.3958689047728,960.98900196468,968.3864490701079,552708
2021-05-21,970.5935668945312,974.5226908386503,960.4554145647226,968.0711232068585,421206
2021-05-24,963.1476440429688,974.765250488976,961.2315484304429,973.7465974767605,1420022
2021-05-25,952.9367065429688,968.70175768201,950.8023493152541,965.3304858162115,409036
2021-05-26,955.434814453125,962.8322610755241,953.6642662056836,962.8322610755241,368454
2021-05-27,959.582275390625,966.3733744640582,952.2576018041591,956.0412378305458,548456
2021-05-28,1016.19091796875,1021.0902582653417,962.9293333746168,965.3062299040523,4316646
2021-05-31,1047.9876708984375,1063.049379842456,1009.9332917326001,1019.149781906913,4068900
2021-06-01,1051.771484375,1067.997336927203,1041.6333908381023,1049.7584559197494,1832944
2021-06-02,1067.8033447265625,1071.9749488443344,1047.066238482749,1047.7210234129736,800634
2021-06-03,1071.65966796875,1091.4266166933066,1065.280933113245,1077.8444187966788,1520346
2021-06-04,1062.613037109375,1076.3892194967443,1059.3144795381063,1076.3892194967443,522622
2021-06-07,1080.4154052734375,1087.4490437743243,1059.7025762700932,1070.0346539467396,1231050
2021-06-08,1074.3033447265625,1080.2698340423558,1066.3965413846493,1079.1298521810622,304636
2021-06-09,1054.924560546875,1077.6505376392295,1046.9207645937663,1076.825809374885,718010
2021-06-10,1058.7808837890625,1081.7008443325049,1056.1129518739529,1063.389129824252,537128
2021-06-11,1080.408447265625,1087.6827266852456,1065.6156642984008,1067.5685037873582,458504
2021-06-14,1096.1776123046875,1102.524340425679,1072.1088425920943,1080.89661999039,772392
2021-06-15,1098.3258056640625,1110.4334352150477,1094.1760214480466,1101.523604398308,1268140
2021-06-16,1079.749267578125,1097.495743310625,1077.3570869887553,1097.495743310625,994192
2021-06-17,1081.6534423828125,1091.149100876451,1064.224373200475,1074.1838072498485,702856
2021-06-18,1086.29150390625,1091.1247344266965,1066.3725153763987,1082.4834427003868,535280
2021-06-21,1092.41845703125,1097.3493052222816,1074.5254937111433,1076.1854787907077,487426
2021-06-22,1086.7552490234375,1103.7205432298904,1083.8259895921074,1100.7668494649251,542078
2021-06-23,1076.5516357421875,1098.4722113043604,1074.769598195398,1097.9840014326694,1349888
2021-06-24,1051.286865234375,1081.3849587341308,1044.7692152104019,1081.2873405897756,2090908
2021-06-25,1027.340087890625,1054.4357365884819,1016.0379575042368,1054.4357365884819,1671192
2021-06-28,1018.4058227539062,1038.4712967562452,1016.0136419879424,1036.9577984320695,1326548
2021-06-29,1018.9916381835938,1029.6346374110424,1017.0876673274317,1019.8704398063859,895330
2021-06-30,1030.562255859375,1036.713748429087,1021.3107018626984,1022.7997659330997,852502
2021-07-01,1024.142333984375,1035.9814242473335,1022.5800861179466,1032.1246136528505,850764
2021-07-02,1039.49658203125,1041.4738561297106,1022.4336684400076,1025.1920069285588,454292
2021-07-05,1049.6025390625,1051.1160376062203,1040.6195235288708,1043.6952700968895,923216
2021-07-06,1037.9097900390625,1049.6756960447665,1035.4931749260527,1049.6512617119347,555680
2021-07-07,1030.196044921875,1038.7885866060317,1024.6060655565643,1038.10514044128,865920
2021-07-08,1021.7744140625,1032.9544918721526,1015.9647641451438,1032.5639001282937,639110
2021-07-09,1012.1566772460938,1020.9444548939426,1008.6171556934879,1018.8451286174729,879568
2021-07-12,1017.6489868164062,1026.0950409670074,1013.1086114229056,1016.3552784048593,3151738
2021-07-13,1025.0211181640625,1026.8519052868846,1019.4311386540861,1025.2407887804272,712050
2021-07-14,1018.4058227539062,1028.5606122266427,1016.4529832088364,1026.5589040161994,286612
2021-07-15,1017.0632934570312,1023.2879698000421,1014.8174801977059,1023.2879698000421,423526
2021-07-16,1031.0015869140625,1032.3197296730507,1017.917539072268,1017.917539072268,666146
2021-07-19,1024.8013916015625,1036.9577697567108,1021.8232637009396,1027.1935723013746,2932572
2021-07-20,1022.1162109375,1029.1952539100264,1017.4293486030833,1023.9469979131534,524338
2021-07-22,1035.4932861328125,1037.0067846285235,1024.6550492676768,1030.7088048667601,341874
2021-07-23,1027.7794189453125,1042.3280972559228,1026.632197238628,1042.3280972559228,506836
2021-07-26,1014.3536376953125,1035.7861228126494,1011.4243784330503,1030.1228405621966,756300
2021-07-27,1002.9296264648438,1017.1853317783427,996.5340290658511,1014.9883872172664,542864
2021-07-28,994.4102783203125,1005.7855327228435,984.5240282884741,1005.7612175824296,414460
2021-07-29,1003.393310546875,1012.7424816498283,997.7788971804772,1000.83020879265,285292
2021-07-30,993.702392578125,1009.6912064058838,991.2613432004623,1003.3933466882596,456624
2021-08-02,1011.3267822265625,1014.9883563837911,996.4363806538324,999.4632581187681,813584
2021-08-03,1018.84521484375,1020.9689756317953,1007.7384393766258,1017.9176636902777,636370
2021-08-04,1026.973876953125,1032.1245148250882,1018.8939799151383,1024.0690521185238,595704
2021-08-05,1041.4981689453125,1051.8970633085898,1027.3400823151615,1033.4914553359006,714128
2021-08-06,1019.894775390625,1047.6983015395217,1015.0858608591938,1037.5435131755116,672146
2021-08-09,1014.1340942382812,1020.1146659818936,1008.5441142836479,1013.6214499647385,472074
2021-08-10,1019.5774536132812,1031.489846059005,1012.3276084964531,1017.7711009170949,831962
2021-08-11,1033.1009521484375,1034.7608180273862,1016.7214871943212,1024.752515706291,692166
2021-08-12,1030.244873046875,1038.300335861837,1027.877007512399,1037.4704029253346,470668
2021-08-13,1047.088134765625,1049.553618485367,1030.1960253274194,1032.9544826504066,416214
2021-08-16,1060.611572265625,1075.0381986333427,1039.2523891638045,1047.9425492127477,723022
2021-08-17,1056.4617919921875,1066.7386342520747,1048.8213547142238,1059.4154857331816,366420
2021-08-18,1060.1722412109375,1067.226850487635,1050.969436840826,1061.8565415419057,296152
2021-08-20,1047.7960205078125,1060.2453724465076,1043.7927233306052,1048.6748221300934,508434
2021-08-23,1055.705078125,1060.367506676382,1041.0832149314833,1058.439101340267,267160
2021-08-24,1065.66455078125,1070.107189177795,1052.3119628754916,1056.437312526521,541806
2021-08-25,1075.184814453125,1083.7772381996842,1064.2977085502207,1066.104061556631,416012
2021-08-26,1089.025390625,1095.9580667167966,1076.4539854129453,1077.4792739031047,427208
2021-08-27,1087.1212158203125,1094.737336682995,1081.8240916007856,1089.6843173732739,356266
2021-08-30,1108.260986328125,1110.6776016670028,1093.3950176518808,1093.590253949049,323382
2021-08-31,1103.0125732421875,1114.5831232190988,1094.8106236613355,1110.7994967605146,753728
2021-09-01,1108.1143798828125,1119.4163909765418,1039.8870488601788,1110.6774817638059,599746
2021-09-02,1119.782470703125,1126.3001198536635,1102.5975078839979,1103.3542569871172,586876
2021-09-03,1165.9674072265625,1168.9211012475917,1126.202730837323,1126.5444539622288,1086646
2021-09-06,1183.6893310546875,1210.6873622301187,1178.2214040399865,1178.538692796676,1203988
2021-09-07,1191.8668212890625,1200.0199025657616,1177.5622477577774,1185.910684504449,552034
2021-09-08,1186.6429443359375,1198.555217353048,1174.706117795368,1198.0670074885459,466034
2021-09-09,1184.128662109375,1190.4022069163161,1179.5151024551158,1186.8138165230766,205370
2021-09-13,1157.8140869140625,1186.3499286432625,1156.1297867796688,1185.373508948906,449250
2021-09-14,1156.2274169921875,1168.774386357402,1155.153379155544,1160.963028720928,483922
2021-09-15,1161.4268798828125,1169.384724831615,1156.4960315687706,1158.0338450268616,152056
2021-09-16,1185.42236328125,1189.2791733505953,1155.5926943024874,1161.4512123978107,816694
2021-09-17,1167.016845703125,1198.9458432670406,1161.3536826285492,1193.6731527417105,462364
2021-09-20,1168.7257080078125,1180.4916150404256,1157.0575383150574,1159.49858797395,430496
2021-09-21,1173.7298583984375,1179.5151937598137,1164.209764740194,1177.0741441038538,753456
2021-09-22,1186.6429443359375,1191.8423317161419,1170.80043887935,1176.097563585944,544088
2021-09-23,1215.4716796875,1219.0356356487653,1193.6731562290208,1193.6731562290208,6348274
2021-09-24,1212.2005615234375,1222.8191252204992,1206.8546877763906,1220.524562880654,576162
2021-09-27,1232.8275146484375,1234.6827359548317,1208.563508444518,1212.810910388197,628712
2021-09-28,1243.983154296875,1252.2582875634546,1226.4807831857645,1235.6591523676816,2429048
2021-09-29,1233.8284912109375,1251.721336680051,1230.2889693744435,1250.7937855306843,4867846
2021-09-30,1228.8243408203125,1237.17277794006,1220.8909297999191,1234.1214660091396,540912
2021-10-01,1231.680419921875,1239.9799883972767,1218.4987523432958,1223.454035256272,5732218
2021-10-04,1247.791259765625,1256.9695100847164,1238.8569951927698,1244.8863156487364,2630684
2021-10-05,1273.7884521484375,1275.2042131309868,1243.6170575705946,1252.2583486527492,575026
2021-10-06,1249.9150390625,1280.5746465076934,1244.9597559492956,1280.5746465076934,269208
2021-10-07,1255.7489013671875,1269.3455931863298,1253.771746854363,1269.3455931863298,266280
2021-10-08,1303.9354248046875,1310.3064684786643,1259.5815088792283,1259.5815088792283,656046
2021-10-11,1294.3175048828125,1330.225363430935,1291.3394962928362,1330.225363430935,5761616
2021-10-12,1302.8125,1309.7450564623502,1289.3622939584632,1289.3622939584632,259894
2021-10-13,1316.1650390625,1327.6868405309494,1303.0322402563354,1309.8671789463274,458402
2021-10-14,1318.0936279296875,1326.8081036699696,1311.8932664616932,1320.6078613938528,305508
2021-10-18,1321.584228515625,1340.1117707918304,1298.638362708372,1310.3554005673948,323184
2021-10-19,1333.5452880859375,1342.5771708718023,1322.0723558984876,1330.860133744194,216926
2021-10-20,1318.11767578125,1339.696645677065,1313.9923265453513,1337.6949376920982,5494170
2021-10-21,1280.574462890625,1330.835644143595,1270.8102656897815,1330.835644143595,791666
2021-10-22,1282.5517578125,1300.9328116694626,1274.9112018617247,1280.9650757411973,598274
2021-10-25,1270.1512451171875,1317.67852680062,1254.748318047357,1317.67852680062,848610
2021-10-26,1299.3704833984375,1302.9588733832684,1270.9811290050616,1276.4001866899196,775582
2021-10-27,1285.28564453125,1306.9377995710788,1279.1098374584335,1298.5406137894947,481520
2021-10-28,1269.028564453125,1287.8002129443896,1265.0008324188068,1279.598262054311,808034
2021-10-29,1238.8814697265625,1266.9778536601766,1221.7696891720611,1262.510780824725,680036
2021-11-01,1238.7593994140625,1247.3762562077925,1217.5954532220096,1235.7568371061138,694046
2021-11-02,1220.9639892578125,1245.8626920782622,1219.060018483581,1245.8626920782622,833230
2021-11-03,1212.64013671875,1230.5085464963581,1201.4844934808357,1222.8436753539713,498044
2021-11-04,1219.9388427734375,1222.9657201185921,1215.6670064257178,1218.034752771908,129694
2021-11-08,1221.5010986328125,1231.2652960639302,1199.848943152564,1225.4556462691605,367430
2021-11-09,1230.313232421875,1234.6582523256939,1214.0313865640412,1221.5010209622535,564502
2021-11-10,1244.6422119140625,1248.8408645301984,1222.404347385087,1229.751810675528,216644
2021-11-11,1247.3519287109375,1255.187721874903,1238.0759401012047,1244.6423397786666,533796
2021-11-12,1265.68408203125,1268.7598280361785,1248.3526317276398,1249.8172613307618,566866
2021-11-15,1258.8736572265625,1270.371024171059,1254.6994387573034,1269.3457357077777,209678
2021-11-16,1226.43212890625,1257.6286936217498,1218.083691997774,1256.164063931973,490122
2021-11-17,1202.9735107421875,1220.5246310990199,1201.1671581265327,1220.378144304916,740004
2021-11-18,1207.2210693359375,1215.1544804679602,1196.4072673773453,1200.9475242409424,484926
2021-11-22,1153.835205078125,1194.2834420968122,1147.7814501255414,1191.2321302876737,833936
2021-11-23,1164.94189453125,1172.435963461013,1127.471788266152,1141.922847609956,914278
2021-11-24,1147.7325439453125,1177.0008212154066,1144.363943494876,1162.622945087204,3712738
2021-11-25,1217.790771484375,1221.8918063096958,1151.1989863622243,1159.742659925133,953862
2021-11-26,1177.6353759765625,1209.5155039397036,1173.1683033969268,1205.8783642906405,794642
2021-11-29,1192.45263671875,1220.5247049321904,1171.7037167349026,1177.5622353185772,903740
2021-11-30,1174.9991455078125,1208.75881151627,1166.8216299007674,1203.9255813118377,1136546
2021-12-01,1204.364990234375,1208.1243019289966,1184.1531474536594,1184.1531474536594,669636
2021-12-02,1212.61572265625,1218.5718593483457,1201.5821317017505,1204.364904176793,425140
2021-12-03,1175.6826171875,1218.0592601360693,1171.7526228654533,1215.7158287892973,771140
2021-12-06,1153.7864990234375,1183.6893558782951,1150.7839365751327,1181.9561868671085,813744
2021-12-07,1162.7205810546875,1173.5343811333717,1158.790468077212,1162.76933052267,486748
2021-12-08,1180.1986083984375,1187.0579815864676,1175.1701415952505,1184.8854712891866,1310544
2021-12-09,1198.9703369140625,1208.270640204608,1184.1286843606786,1186.8871418253464,340954
2021-12-10,1200.483642578125,1203.974414682876,1186.5940955388671,1193.1849288199924,255566
2021-12-13,1176.48828125,1208.0754390260877,1174.1448498111704,1205.8784944006616,571328
2021-12-14,1162.134765625,1174.6329863905237,1158.7661650864122,1166.3334183237578,573182
2021-12-15,1158.2779541015625,1173.9006704477163,1153.0296978290264,1164.307393868153,542076
2021-12-16,1173.876220703125,1178.782753829544,1156.5692043165002,1173.6565500957647,294810
2021-12-17,1142.9725341796875,1175.9755703593048,1132.6469427020602,1169.2626843842388,853244
2021-12-20,1111.7515869140625,1133.0863362137002,1097.4958813329872,1130.2059454118619,2209796
2021-12-21,1127.813720703125,1144.8521982800985,1119.4652838619472,1125.128566293513,330282
2021-12-22,1155.0802001953125,1158.033893957144,1129.961824436682,1129.961824436682,489472
2021-12-23,1154.445556640625,1161.9396266996614,1151.6627838940474,1158.0339472821836,254094
2021-12-24,1158.156005859375,1167.7492833022939,1141.2638946131292,1155.5929037281655,364450
2021-12-27,1156.9598388671875,1160.8410837137149,1146.7806148281513,1153.59111905951,159772
2021-12-28,1170.580810546875,1174.1447665248036,1159.181181314238,1163.892359000055,200586
2021-12-29,1173.192626953125,1180.6865761441222,1163.1354570258434,1167.7490159674549,272042
2021-12-30,1150.4422607421875,1174.2669290616814,1145.340490834094,1170.727407084466,791818
2021-12-31,1156.154296875,1164.0389587515947,1152.1998679611547,1157.057532921331,362600
2022-01-03,1173.8275146484375,1176.073208661658,1154.5919731731667,1155.836932250078,545852
2022-01-04,1199.89794921875,1201.9484070757135,1173.1684556902273,1176.5859251824586,1118632
2022-01-05,1203.9500732421875,1208.9542248232135,1187.814711866944,1201.0695632560344,513542
2022-01-06,1179.8079833984375,1198.0669843006856,1176.0975408232891,1198.0669843006856,623294
2022-01-07,1189.2548828125,1199.8490138107704,1177.3181745883876,1189.2793171458893,743220
2022-01-10,1190.0848388671875,1199.2632090091847,1179.7836812862238,1198.0426842347667,332908
2022-01-11,1198.5064697265625,1207.880195425144,1186.8871691314691,1186.8871691314691,668500
2022-01-12,1230.58203125,1232.412818538106,1203.6327470155768,1207.074650955592,392618
2022-01-13,1237.782958984375,1240.5168627796957,1224.8209629152577,1232.0952424037885,544388
2022-01-14,1239.4183349609375,1252.9905927673326,1233.1204755086344,1235.170933061115,467728
2022-01-17,1246.0582275390625,1252.2584698085109,1239.4429591525757,1239.8579852696141,204102
2022-01-18,1230.7039794921875,1251.1843610486833,1228.092008838978,1246.3998801693144,388602
2022-01-19,1230.972412109375,1240.8586627283441,1224.8210387949173,1233.364712169335,264982
2022-01-20,1210.1746826171875,1226.0170694926162,1198.5552635557483,1219.0600786552764,405138
2022-01-21,1209.8330078125,1221.4767424792255,1196.1874456756636,1196.1874456756636,640284
2022-01-24,1160.743408203125,1222.5263915129533,1148.6113451738258,1209.832934806056,1158674
2022-01-25,1158.86376953125,1166.1381682659874,1125.3482089108968,1154.4698806066485,879034
2022-01-27,1141.5567626953125,1150.002817537483,1128.7412532242329,1144.8521794164474,771394
2022-01-28,1140.1654052734375,1158.2291724050453,1137.040909446342,1154.616466655474,5574384
2022-01-31,1165.0396728515625,1174.8038702674892,1149.7342457253524,1149.7342457253524,371178
2022-02-01,1162.1593017578125,1181.736567589285,1146.145992246747,1176.5859289994803,4993890
2022-02-02,1163.6483154296875,1176.7811142748849,1159.9867411205946,1176.7811142748849,675340
2022-02-03,1148.611328125,1172.4604277605201,1146.3167655927225,1163.892320772168,272788
2022-02-04,1138.407958984375,1147.0736853969497,1133.6234777463806,1146.8051460922686,660908
2022-02-07,1131.4996337890625,1150.6131230028827,1125.3482605275926,1141.4347529899103,3287054
2022-02-08,1150.02734375,1152.1509854026103,1127.7649235562942,1138.9937517994954,3203404
2022-02-09,1163.8680419921875,1165.1618698253792,1151.4919917477116,1155.6417761641464,2712252
2022-02-10,1161.4512939453125,1170.4343079787786,1154.6163556875426,1170.4343079787786,452108
2022-02-11,1160.4017333984375,1163.8923864612866,1144.3395563822357,1159.010287524788,384486
2022-02-14,1141.8253173828125,1149.246083890717,1122.8827497657812,1122.8827497657812,620496
2022-02-15,1180.1741943359375,1183.4207423425985,1140.385089343808,1148.2696311839074,779598
2022-02-16,1177.733154296875,1187.3508651157517,1169.7508750644927,1185.1539206508978,483666
2022-02-17,1193.624267578125,1198.2622613590247,1176.8298956692972,1180.4914697068496,497332
2022-02-18,1183.4940185546875,1199.0435520344902,1181.956204998168,1188.7911438126969,484682
2022-02-21,1171.77685546875,1189.669818469933,1164.3805237181027,1178.977950950864,496548
2022-02-22,1165.9427490234375,1169.6043229269897,1145.7064744215102,1148.269576153997,776214
2022-02-23,1158.9127197265625,1174.6574894807095,1156.0322097137805,1171.0203494533976,374556
2022-02-24,1101.206298828125,1142.337982929696,1094.8107014572454,1129.7177093297953,1101070
2022-02-25,1115.046875,1126.3001360012802,1110.970394223997,1110.970394223997,469896
2022-02-28,1151.73583984375,1155.5926497644489,1096.0310514242449,1097.0319053986595,723526
2022-03-02,1170.9224853515625,1171.923339407041,1138.0660569922404,1146.8538345082968,597466
2022-03-03,1161.060791015625,1178.7584003581771,1157.0574935682362,1177.0740999970537,464490
2022-03-04,1135.2589111328125,1154.469898717181,1132.9154798312231,1149.7342866403055,412620
2022-03-07,1093.565673828125,1128.6680349756994,1085.1196192436955,1120.9298608639829,1154644
2022-03-08,1091.9788818359375,1096.4216388798868,1064.7856186684244,1076.5026543621623,1331860
2022-03-09,1149.1485595703125,1155.4464200042514,1090.6365516558722,1097.9841349567193,861916
2022-03-10,1168.4083251953125,1179.026890356912,1152.1753462701085,1179.026890356912,962592
2022-03-11,1170.9715576171875,1176.7812083084334,1158.0339940245858,1158.0339940245858,584574
2022-03-14,1180.7601318359375,1183.5917732246571,1159.4985658738544,1168.7745544008453,632126
2022-03-15,1153.859619140625,1187.2288121758997,1142.996949290921,1187.2288121758997,825968
2022-03-16,1173.2904052734375,1175.1456266734622,1160.2063565265744,1165.8207701999936,552414
2022-03-17,1210.589599609375,1219.011220166988,1172.2651234486425,1190.2557054760007,572886
2022-03-21,1204.48681640625,1212.5667128103635,1192.208387041997,1197.0904852690321,415832
2022-03-22,1235.7081298828125,1237.6121008227146,1198.0670987845924,1202.8027109927589,608568
2022-03-23,1239.9066162109375,1252.2583500911455,1233.3157827894051,1233.3157827894051,400442
2022-03-24,1258.5562744140625,1261.290297576171,1226.4077234808053,1227.8479188713256,655516
2022-03-25,1267.734619140625,1276.6688841183357,1258.1169079820081,1258.5562492137522,391982
2022-03-28,1279.9154052734375,1283.576979433652,1262.9501116644435,1274.7160176426798,684382
2022-03-29,1280.1595458984375,1287.4095106144823,1273.3490416089876,1287.4095106144823,256086
2022-03-30,1304.985107421875,1312.3082561728395,1278.0115095224892,1287.8488916678684,309192
2022-03-31,1285.9205322265625,1304.9851539936521,1283.4550482207092,1304.9851539936521,376852
2022-04-01,1295.9287109375,1300.9817309455887,1280.3304288834704,1289.5087985990638,169652
2022-04-04,1300.1273193359375,1305.9614034494232,1290.9489499331353,1297.1736257813523,275956
2022-04-05,1281.7462158203125,1302.9590311970226,1279.671323758203,1296.1972764472823,224804
2022-04-06,1278.7926025390625,1285.9692639685902,1263.7801486623312,1263.804463802947,293896
2022-04-07,1255.5538330078125,1270.9324451356422,1253.2348359409175,1269.1016579775674,489476
2022-04-08,1277.523193359375,1281.5509248374356,1251.08667624376,1251.2819125174656,531188
2022-04-11,1274.1302490234375,1287.8977446693984,1260.8752784303101,1268.857558148509,419776
2022-04-12,1249.890380859375,1270.5172467092866,1247.8643576893214,1263.487072652568,426314
2022-04-13,1246.13134765625,1265.8794144668434,1242.982417608695,1258.1169246573475,313846
2022-04-18,1242.0791015625,1249.3535001902746,1231.5582741456724,1235.2930319999218,430576
2022-04-19,1288.117431640625,1302.055848609029,1245.4723669067812,1246.9369966577474,1090134
2022-04-20,1327.1497802734375,1334.5949814492176,1293.756269889639,1296.563476890343,916324
2022-04-21,1358.2730712890625,1361.5197385093459,1334.594892085985,1346.9710602327932,561642
2022-04-22,1346.7025146484375,1367.3049476695846,1339.5747219420161,1349.9247475212221,629346
2022-04-25,1315.652587890625,1346.6539186895864,1300.786500051636,1337.4266794248472,416592
2022-04-26,1355.124267578125,1364.864031762144,1322.072479430732,1322.072479430732,481902
2022-04-27,1356.1983642578125,1380.2183890066094,1345.9948240410367,1347.312967059719,778720
2022-04-28,1376.3612060546875,1391.398093500007,1360.2991494240102,1374.310748492112,529310
2022-04-29,1362.4962158203125,1393.8392676323758,1356.0274346307754,1393.8392676323758,405854
2022-05-02,1357.491943359375,1369.428650539071,1345.2622625883814,1345.2622625883814,489180
2022-05-04,1314.8223876953125,1359.7376965545402,1306.3520178114359,1359.6645127494505,6502106
2022-05-05,1289.240234375,1332.6420448203548,1284.9683979456593,1328.419077055524,710932
2022-05-06,1279.67138671875,1298.4187191997821,1266.709508670041,1289.2403488468485,499416
2022-05-09,1228.8975830078125,1267.978811913943,1223.9911685433144,1257.140575258825,789056
2022-05-10,1207.465087890625,1232.8520016964726,1200.508097088061,1220.0364923233285,456736
2022-05-11,1195.9921875,1213.226020591869,1182.3954942790645,1210.1258400890679,539984
2022-05-12,1172.1676025390625,1191.232224061704,1157.0575291091143,1180.9798155759272,751898
2022-05-13,1185.3980712890625,1209.7841319506624,1179.53955249027,1187.326476555291,580370
2022-05-16,1185.080810546875,1211.1268596186321,1179.7349353172992,1187.3266240421297,414444
2022-05-17,1235.5126953125,1240.2483072175041,1188.7910345486919,1192.6967135123016,673350
2022-05-18,1239.4674072265625,1254.6995333652276,1224.5770042041347,1239.5650253752192,553306
2022-05-19,1210.369873046875,1225.8949705868247,1204.1451972702991,1205.8783661288162,1457316
2022-05-20,1280.1595458984375,1290.338770024299,1221.9893837952404,1227.847902614874,554414
2022-05-23,1272.250732421875,1295.5871925499891,1265.9040028870093,1283.9922058997538,556692
2022-05-24,1277.1571044921875,1287.8001042013298,1268.3693262502688,1281.062783710818,295930
2022-05-25,1274.789306640625,1296.587951454976,1270.2490496608054,1285.1394524743857,496060
2022-05-26,1263.2186279296875,1285.895952977139,1243.812285234068,1278.133463575637,367778
2022-05-27,1257.2381591796875,1272.0553778934823,1239.735905104102,1267.8567249146374,398606
2022-05-30,1300.46923828125,1304.9851802630808,1266.8316208176634,1279.0124350816307,527184
2022-05-31,1285.89599609375,1307.7922575838948,1277.0839028333808,1291.8033835061074,1180168
2022-06-01,1285.06591796875,1296.1726918370396,1277.2058110539967,1285.139220959918,295566
2022-06-02,1330.1279296875,1333.789504094788,1286.750430532411,1291.3152409702468,599572
2022-06-03,1356.9793701171875,1374.969951986709,1337.6950797341585,1341.0881145834321,1273396
2022-06-06,1350.828125,1373.7008098844265,1343.334173438553,1357.5166969756042,551466
2022-06-07,1353.5618896484375,1362.5937724107446,1344.5300068861306,1349.4121056765669,309638
2022-06-08,1330.0302734375,1358.2488298996052,1325.7828710851052,1354.8801100262858,373884
2022-06-09,1366.3043212890625,1367.9641873299865,1322.5606650524387,1322.5606650524387,596092
2022-06-10,1325.001708984375,1362.1300968493751,1318.9479537166121,1354.4652250241336,493502
2022-06-13,1300.0052490234375,1305.1314525927794,1277.3522398304679,1295.611360249716,375988
2022-06-14,1282.6983642578125,1303.5936532077637,1276.1075304237802,1295.2209008657242,305968
2022-06-15,1267.539306640625,1287.6046607401024,1262.0713799465532,1274.2277580071175,326232
2022-06-16,1249.4267578125,1297.9548936039967,1247.3518657282486,1280.0863635075773,564510
2022-06-17,1264.121826171875,1281.2823552347986,1236.1473770935886,1236.1473770935886,518582
2022-06-20,1241.4200439453125,1278.182269889258,1230.8259139232468,1272.7630928184656,282582
2022-06-21,1261.8028564453125,1265.781719250371,1234.6827740469137,1246.1068374467586,270470
2022-06-22,1223.0634765625,1251.2820339802981,1221.0130187220936,1251.2820339802981,383304
2022-06-23,1203.2421875,1232.6811496127614,1194.161435530176,1230.288968739184,564190
2022-06-24,1220.8909912109375,1225.870708694306,1205.024168372047,1215.6427344257659,364260
2022-06-27,1216.5946044921875,1244.447002393547,1211.7369399532301,1244.447002393547,360810
2022-06-28,1234.6827392578125,1237.6119984256839,1211.8100595786054,1211.8100595786054,255366
2022-06-29,1259.11767578125,1267.8078352139626,1221.0128719912902,1222.6484227152844,610070
2022-06-30,1266.44091796875,1277.0594833192004,1253.3813031124491,1257.6287054142551,418308
2022-07-01,1176.0732421875,1265.269169158784,1154.6164404205954,1259.5815713679224,2157672
2022-07-04,1178.51416015625,1192.1352866780767,1155.5927312145116,1166.235729932679,1786180
2022-07-05,1187.9122314453125,1203.2664080132656,1180.2962289909967,1183.8845000191698,871462
2022-07-06,1177.537841796875,1191.79354700618,1165.552264940675,1183.9334391491227,518682
2022-07-07,1165.67431640625,1188.2540242105088,1159.522943200644,1183.8113856495495,904908
2022-07-08,1167.5540771484375,1179.4420369215998,1163.404292638397,1178.9781421228556,444820
2022-07-11,1183.0301513671875,1185.3735826176546,1157.2038965231452,1161.9395084967125,1610076
2022-07-12,1181.5411376953125,1190.7439419550255,1173.6077268479287,1177.0740648026103,406094
2022-07-13,1160.621337890625,1188.2783791134975,1158.5220116291573,1185.861764115981,370710
2022-07-14,1170.2147216796875,1188.5470276658762,1160.719062754414,1166.6751998269137,499346
2022-07-15,1172.4605712890625,1181.4680205828165,1163.6972269582388,1181.4680205828165,210686
2022-07-18,1182.517578125,1183.909024036183,1168.530411971383,1181.492408835803,8622512
2022-07-19,1191.81787109375,1194.649512083771,1172.0698063486366,1177.073957349396,709822
2022-07-20,1221.2081298828125,1242.5185623759728,1213.47007490304,1237.6120293089787,1073472
2022-07-21,1214.373291015625,1219.8656525418328,1204.9020663716249,1219.5483637748457,473372
2022-07-22,1221.9404296875,1228.726618360859,1218.0836194109997,1220.5246687484967,789564
2022-07-25,1181.5411376953125,1205.390238904042,1173.6321611812177,1205.390238904042,931076
2022-07-26,1181.7120361328125,1193.209402855271,1177.7819226886265,1183.3231526046245,522282
2022-07-27,1181.1019287109375,1184.8855558464174,1172.6803070222886,1181.175112527129,364442
2022-07-28,1199.6536865234375,1204.4137326903328,1182.004947642924,1188.7910170656507,605222
2022-07-29,1224.7965087890625,1228.8242402080998,1202.7050122179792,1205.8783763663116,871062
2022-08-01,1257.1893310546875,1262.9989810487873,1224.405965539789,1226.87144931411,8637808
2022-08-02,1261.0950927734375,1272.5191572314334,1250.0859352325615,1256.066506756093,567576
2022-08-03,1272.1773681640625,1274.2278258845834,1253.5033396812712,1268.100767864274,318982
2022-08-04,1255.3828125,1277.9625189957512,1237.6120209022513,1277.157020386702,381112
2022-08-05,1237.0994873046875,1258.6051578471613,1233.9505571988752,1258.116947933334,267168
2022-08-08,1253.13720703125,1261.2902886001225,1235.976557368539,1237.612108225783,374694
2022-08-10,1260.5335693359375,1264.4392486656668,1248.8409656809354,1255.6759045079616,223450
2022-08-11,1264.5611572265625,1276.6687856091437,1259.972032213163,1269.3456376993397,198088
2022-08-12,1285.28564453125,1289.362244552566,1260.6067313795768,1262.6327546285777,445110
2022-08-16,1294.0247802734375,1296.978474020484,1282.918004997024,1293.6586228467424,150854
2022-08-17,1300.8109130859375,1307.2309451259578,1296.6855630509017,1298.9069420518829,228424
2022-08-18,1306.802978515625,1310.6586270884754,1296.7833764925415,1308.1782485747785,362964
2022-08-19,1283.694091796875,1306.9749964176642,1279.6174453153249,1303.5614630061782,272006
2022-08-22,1280.304931640625,1292.0191289864606,1270.2361659252485,1284.8727371426714,335046
2022-08-23,1300.34423828125,1302.5544551168555,1270.1379415279744,1270.1379415279744,451070
2022-08-24,1296.194091796875,1310.6587105067936,1294.6960318140932,1295.3836069314605,300556
2022-08-25,1291.9945068359375,1307.6133961737257,1287.819652888739,1302.0632722380042,173270
2022-08-26,1286.223388671875,1300.5406339881642,1280.943426312649,1295.6782049895585,370472
2022-08-29,1275.4423828125,1303.1928808384941,1262.2792907399084,1262.2792907399084,1008332
2022-08-30,1296.218505859375,1299.5828749855268,1265.7910924857863,1287.672262426721,594586
2022-09-01,1257.466064453125,1279.9366032961548,1253.4385820199323,1271.66064071862,2298426
2022-09-02,1242.534912109375,1264.2441307766862,1240.1773233143483,1259.8236967529915,533714
2022-09-05,1262.4022216796875,1267.6821842837364,1242.6330593715045,1242.6330593715045,238588
2022-09-06,1274.7547607421875,1279.715517487088,1262.0829471145805,1262.0829471145805,753428
2022-09-07,1267.755859375,1274.3128844092962,1261.8129034164622,1267.0437023273666,383248
2022-09-08,1269.7449951171875,1275.5406988246932,1262.770557057484,1272.1025837335214,328760
2022-09-09,1261.5919189453125,1280.378763555219,1259.8236973701894,1280.2313917719673,331676
2022-09-12,1275.8353271484375,1282.6132289293726,1263.2616022714776,1264.0965490215422,304254
2022-09-13,1286.9110107421875,1291.0368208696614,1277.5053579744717,1284.381588274988,446110
2022-09-14,1271.0220947265625,1281.6802278409932,1259.8236384028157,1259.8236384028157,514576
2022-09-15,1258.2274169921875,1278.1439518593365,1255.8944101684488,1270.1380307765382,360792
2022-09-16,1227.554443359375,1254.2244169165115,1223.600587073549,1251.9650362069146,421170
2022-09-19,1229.0526123046875,1238.654681393151,1218.861056083514,1227.5053884492445,5926262
2022-09-20,1228.9051513671875,1246.169352808929,1225.8599876875437,1240.1772333273195,186846
2022-09-21,1232.44140625,1244.5975982614327,1225.7861741159,1228.8068755931727,149714
2022-09-22,1220.972900390625,1229.1998189653677,1214.4159954438912,1219.4994224369398,176794
2022-09-23,1198.1094970703125,1225.4670463411185,1196.0711140100293,1220.7764510020338,221250
2022-09-26,1167.731201171875,1187.4511985181634,1166.7488826009628,1180.7469222364616,261878
2022-09-27,1176.52294921875,1191.4296820647648,1159.2095837471297,1176.326533461862,840566
2022-09-28,1145.4327392578125,1168.1733206606448,1143.3453120728739,1161.640997399689,498150
2022-09-29,1142.0927734375,1162.9424622725414,1136.3216515151255,1158.153658975252,382498
2022-09-30,1167.8294677734375,1179.3471296141868,1137.0338030090998,1138.5072809395651,502780
2022-10-03,1166.1595458984375,1187.107442005481,1160.855001494581,1177.3088379870999,457996
2022-10-04,1185.19189453125,1187.5739450316837,1174.0426031403701,1178.0209212603245,310710
2022-10-06,1189.906982421875,1203.3402367024905,1187.8195554806564,1196.4640067784762,180962
2022-10-07,1195.1134033203125,1200.3442020607083,1185.5849605733194,1187.6232237659574,303470
2022-10-10,1181.6064453125,1187.4757747631318,1172.8883680375143,1183.2272949291096,277850
2022-10-11,1157.7852783203125,1184.676250422566,1154.7155326465393,1184.3078809417132,7925042
2022-10-12,1166.52783203125,1169.3519977946153,1152.0386337670275,1156.6554828762792,184000
2022-10-13,1170.8502197265625,1175.933646857665,1159.6271810430908,1166.8963631277409,179298
2022-10-14,1164.538818359375,1186.665571049943,1163.2372940472035,1184.676351700891,338836
2022-10-17,1183.69384765625,1185.535694929574,1151.0809199013652,1156.5327158832451,624018
2022-10-18,1203.6103515625,1209.7252603822901,1188.605412149875,1188.605412149875,550352
2022-10-19,1226.1793212890625,1241.1596815131027,1199.361972726492,1204.3963560804727,608000
2022-10-20,1228.3402099609375,1237.2302409991871,1217.1172922269427,1217.1172922269427,536774
2022-10-21,1214.1212158203125,1236.0023867649004,1211.690001251345,1231.336373383511,457684
2022-10-24,1217.9276123046875,1228.3893286905559,1207.4414338849754,1210.4620154169831,234412
2022-10-25,1199.33740234375,1226.989575411694,1197.2253933402387,1226.9159494803846,5352588
2022-10-27,1203.389404296875,1212.181107476277,1195.0887404873365,1206.2871960947068,481086
2022-10-28,1240.6683349609375,1244.5976091809246,1208.3500305191567,1209.7498824248003,501798
2022-10-31,1252.2352294921875,1257.6133998971748,1244.1556829108931,1245.088837625205,477266
2022-11-01,1242.5101318359375,1271.34115627287,1231.8274179838052,1268.1732030439334,390686
2022-11-02,1250.1968994140625,1252.5790701079939,1234.897334386442,1241.822728842161,238914
2022-11-03,1255.3785400390625,1257.3677591091023,1240.7419694857963,1240.7419694857963,426608
2022-11-04,1273.305908203125,1274.6811782308057,1251.473901216489,1251.473901216489,591072
2022-11-07,1280.03466796875,1281.8765152088363,1264.2439455951826,1273.0848123475964,336836
2022-11-09,1278.4876708984375,1287.5741180408197,1272.7657129600375,1279.9611488134183,370560
2022-11-10,1264.465087890625,1275.5161725949863,1258.8413376567944,1269.6468427010586,480322
2022-11-11,1292.412109375,1294.2047929070393,1270.75193565417,1276.3756858193283,805388
2022-11-14,1285.8304443359375,1297.9620548643172,1279.7401170807318,1289.2931413264587,9502006
2022-11-15,1280.304931640625,1290.6438589551433,1272.1271772073023,1285.8796376965968,807942
2022-11-16,1273.0113525390625,1284.4062249689364,1267.780433747473,1278.9788904108789,232956
2022-11-17,1277.65283203125,1283.399372402903,1267.8542270509772,1270.1380700474194,363028
2022-11-18,1275.8109130859375,1281.3610373731788,1263.2617685027535,1279.961185349213,276286
2022-11-21,1252.4808349609375,1271.7588380710365,1249.0181378084549,1269.646829034548,208508
2022-11-22,1259.479736328125,1261.297001639378,1246.0219004226647,1249.631969011288,403652
2022-11-23,1255.6241455078125,1266.6998115023666,1253.512136574103,1266.6998115023666,376340
2022-11-24,1268.4434814453125,1273.0849128744462,1251.6458572717181,1260.314771001477,202046
2022-11-25,1285.388427734375,1288.87558670242,1267.854065283967,1268.6890120840942,456980
2022-11-28,1330.0838623046875,1336.7390942814852,1269.6466911848563,1277.6771930764644,717822
2022-11-29,1331.557373046875,1341.1103969386718,1322.8883399182591,1328.14384007679,451318
2022-11-30,1342.043701171875,1347.5447815803989,1325.688191463073,1333.4975768211145,233042
2022-12-01,1337.4022216796875,1352.9965298013096,1333.988688451201,1343.8118746695457,490774
2022-12-02,1337.2548828125,1349.5338658876042,1326.6213314342376,1339.0231043400927,229006
2022-12-05,1317.706787109375,1335.928725346256,1315.4965702406903,1335.928725346256,417396
2022-12-06,1320.35888671875,1324.6565302633567,1306.4836375604482,1306.4836375604482,395478
2022-12-07,1301.52294921875,1323.3550754984278,1298.1339980965524,1319.6467988918905,232258
2022-12-08,1301.32666015625,1309.1852095287732,1296.685228415493,1309.1852095287732,187070
2022-12-09,1281.483642578125,1306.7783438630845,1278.0699898732353,1301.0316847289996,311784
2022-12-12,1283.03076171875,1288.3107237011318,1269.6466720424803,1272.1024683133553,235382
2022-12-13,1288.900146484375,1293.320579962845,1280.3294411112836,1285.3638236839854,130740
2022-12-14,1284.3323974609375,1296.4149641290942,1282.4169241678594,1292.3383179825576,84904
2022-12-15,1266.5771484375,1284.3325106195032,1262.7706635512602,1281.6802981474189,190430
2022-12-16,1259.872802734375,1286.3462417611704,1256.4346875406645,1262.2794354051957,339020
2022-12-19,1277.0142822265625,1278.6105500793458,1261.1498115842044,1269.1311508481206,135242
2022-12-20,1287.4022216796875,1289.7843923798205,1260.6095763280862,1274.0427119710137,258196
2022-12-21,1269.35205078125,1293.5171843436383,1265.3983143338835,1287.8196884816898,155018
2022-12-22,1266.159423828125,1280.280252725307,1260.2655126362577,1274.6565031121197,186212
2022-12-23,1228.6595458984375,1271.9797712946338,1224.4601099864938,1259.3324195769635,614294
2022-12-26,1239.931640625,1248.5515102374009,1224.9267001755522,1234.627096254912,190764
2022-12-27,1250.02490234375,1251.8667495741993,1234.9463369995237,1242.141772215041,369674
2022-12-28,1249.7303466796875,1252.407141074593,1238.3354740835,1245.5309103806242,337850
2022-12-29,1248.797119140625,1251.965072686219,1240.913988286282,1243.6399464206543,314458
2022-12-30,1251.5721435546875,1265.668391924671,1248.7971413873772,1250.9827763585795,154940
2023-01-02,1264.808837890625,1267.1910084876354,1251.572118586679,1255.8451805631446,349224
2023-01-03,1255.8944091796875,1263.7529584745153,1251.4985571502823,1261.1497900382144,272248
2023-01-04,1236.812744140625,1257.1713930685155,1235.192014379114,1256.876649523547,345852
2023-01-05,1234.5289306640625,1245.5800151836333,1229.985707028239,1240.1772627518433,287814
2023-01-06,1246.1939697265625,1251.228352696194,1237.0583585193326,1242.1419053851519,227188
2023-01-09,1275.319580078125,1277.8981661517623,1247.1025050261378,1249.36176563874,596984
2023-01-10,1256.36083984375,1279.4699076475636,1250.5160924530503,1279.0033303200594,305284
2023-01-11,1240.4227294921875,1256.4836135495539,1238.70367205674,1255.0101357477417,255590
2023-01-12,1214.1949462890625,1243.5661763252065,1211.0268728933129,1240.1772251400937,370686
2023-01-13,1211.8619384765625,1214.7351484146184,1195.874679389241,1212.4758875973357,497964
2023-01-16,1200.737060546875,1217.9522171887907,1196.4885807654307,1215.5700467304735,280012
2023-01-17,1217.3629150390625,1219.794129607735,1204.322611555533,1204.8873967894885,373940
2023-01-18,1215.4228515625,1223.7233957664798,1208.4728755213791,1217.5839045174005,253628
2023-01-19,1213.703857421875,1218.5417048317363,1207.024042629119,1215.2263793840266,403116
2023-01-20,1199.7547607421875,1218.909972845294,1197.4954999797512,1218.909972845294,348024
2023-01-23,1193.3206787109375,1211.1988291982368,1191.5524572728802,1203.3402804280943,427720
2023-01-24,1186.2232666015625,1200.3440956572244,1173.2075459067783,1194.7449279268824,698698
2023-01-25,1170.407958984375,1186.0514297056013,1169.4502223898355,1183.693841226167,207828
2023-01-27,1148.2076416015625,1172.9129781163244,1135.609453652711,1169.9168584527924,905164
2023-01-30,1154.8629150390625,1163.7528266448792,1130.2312035790783,1148.207682374746,2784388
2023-01-31,1156.139892578125,1171.9553188468974,1150.1477727673948,1171.414995622084,200592
2023-02-01,1148.3551025390625,1169.4012080116047,1132.122262600514,1168.9592125766696,1147338
2023-02-02,1142.8294677734375,1153.0946490398958,1135.2410806734063,1141.9453570630014,208362
2023-02-03,1143.9345703125,1153.1928509976658,1126.3264617711236,1151.7685370190054,297608
2023-02-06,1135.3145751953125,1141.945224888212,1132.981568821885,1141.945224888212,412526
2023-02-07,1132.564208984375,1142.9277184269376,1126.2774657236123,1135.5603287507863,450188
2023-02-08,1155.1085205078125,1158.9395872119032,1133.1781847755196,1135.216567914361,537700
2023-02-09,1156.8765869140625,1164.4405122097596,1146.3904076280337,1157.8344434948901,177704
2023-02-10,1147.52001953125,1157.6624105901028,1140.2754202286603,1157.6624105901028,254636
2023-02-13,1140.8402099609375,1154.224300251083,1136.5671482360115,1148.133973184744,159672
2023-02-14,1167.6820068359375,1169.450228182254,1141.4541496411418,1142.0435167859368,249626
2023-02-15,1193.5662841796875,1196.9552354453474,1166.5033583022978,1172.7902214367994,734144
2023-02-16,1193.3450927734375,1209.725302672489,1191.0612500937011,1203.34023205343,554736
2023-02-17,1198.3551025390625,1201.8176797798876,1183.9886925768526,1191.0367567991818,211820
2023-02-20,1186.297119140625,1203.0701618062683,1183.865904510405,1198.6251460169894,442830
2023-02-21,1195.727294921875,1201.3756267730155,1184.89720856404,1189.0966444879275,335548
2023-02-22,1168.468017578125,1193.5171427973282,1167.019121572344,1192.534824161281,577274
2023-02-23,1162.8441162109375,1176.3018318106372,1159.8725787407766,1166.9943879263542,531688
2023-02-24,1171.807861328125,1176.6212463659185,1163.3844075340023,1166.5033169989636,499300
2023-02-27,1163.60546875,1173.3794902097459,1155.4275949979055,1168.2714817918554,494908
2023-02-28,1140.447265625,1166.5032893979385,1136.910942793212,1166.5032893979385,600470
2023-03-01,1150.9090576171875,1152.0141660689696,1141.2332431550826,1150.3933163573008,367448
2023-03-02,1143.34521484375,1154.6172967014606,1140.3245132270188,1144.8923186609493,179944
2023-03-03,1171.439453125,1175.3441453798764,1149.7546991809656,1151.2773408986336,533898
2023-03-06,1182.6134033203125,1190.8157397644313,1176.3265402086258,1176.3265402086258,337694
2023-03-08,1187.4022216796875,1188.6055380147106,1172.127119073482,1179.3717189436131,199564
2023-03-09,1159.20947265625,1188.556238267379,1157.2448356278899,1188.556238267379,599238
2023-03-10,1141.0367431640625,1150.93367555556,1137.1320504947182,1150.93367555556,674612
2023-03-13,1122.2498779296875,1151.277441593341,1117.3874486454145,1143.4188925039668,661936
2023-03-14,1118.1241455078125,1132.1221855460171,1114.7596563408722,1120.4079882861126,658652
2023-03-15,1098.6497802734375,1129.1752842513395,1094.3029722975139,1122.249889828126,845474
2023-03-16,1093.3450927734375,1107.5395473975843,1081.6800603690497,1098.7478446238908,507464
2023-03-17,1091.871826171875,1105.8698677644618,1086.8864867803265,1104.6173874290505,732562
2023-03-20,1081.3363037109375,1091.8470641913718,1070.7272154463296,1091.8470641913718,451494
2023-03-21,1114.9561767578125,1116.822606053099,1089.391311581636,1091.3559487531088,883492
2023-03-22,1118.1976318359375,1125.393186623704,1114.931470866231,1119.8922271374977,461434
2023-03-23,1103.9051513671875,1114.9316540960126,1102.0387219726558,1114.9316540960126,416894
2023-03-24,1082.2694091796875,1105.1083143427713,1079.5680333001828,1103.9295801055764,356432
2023-03-27,1098.9688720703125,1107.0730000654678,1080.795978990267,1088.163368076772,630892
2023-03-28,1104.1015625,1108.0554189836378,1098.9689716205185,1100.8108190589885,227436
2023-03-29,1097.86376953125,1102.6525724628816,1086.0759469303105,1101.1299307454874,318062
2023-03-31,1144.9169921875,1150.786322260172,1107.3433030484034,1108.055460101984,1234338
2023-04-03,1145.2607421875,1153.806866374138,1137.0338235934653,1151.8177670615528,428430
2023-04-05,1142.1910400390625,1152.554550031287,1133.8413312965708,1150.1723792782088,516000
2023-04-06,1149.803955078125,1156.4346058229155,1138.5318727943695,1139.4896094751175,289284
2023-04-10,1141.7489013671875,1154.4207147630232,1140.4226753919618,1152.2596619126148,187190
2023-04-11,1147.4954833984375,1149.8039080995477,1141.4542000954075,1144.4011558615746,210020
2023-04-12,1152.4561767578125,1163.188055829898,1144.4257938489375,1147.4955395890142,396328
2023-04-13,1156.9993896484375,1162.0337726151497,1150.3687389117922,1154.2243874900998,424136
2023-04-17,1162.4759521484375,1186.1498083999516,1153.8314997828966,1186.1498083999516,588864
2023-04-18,1149.3372802734375,1167.0435960398852,1142.4364685083588,1164.3912640196627,303610
2023-04-19,1155.0347900390625,1158.1536997482858,1145.5063470050636,1147.8393538217745,192174
2023-04-20,1152.1124267578125,1158.644869887938,1145.8747271931154,1154.3226437626856,280394
2023-04-21,1153.6839599609375,1159.5534091599752,1148.3303718891011,1153.2665465290945,198768
2023-04-24,1157.736083984375,1170.3834358277836,1153.585811924945,1161.5917324140337,507358
2023-04-25,1166.552490234375,1169.4502821118765,1154.3962976756732,1163.4581626915908,184698
2023-04-26,1160.142822265625,1169.695846451824,1156.115340079251,1168.8608996431265,291240
2023-04-27,1167.731201171875,1170.4325772418836,1161.1005508182177,1161.5917101036737,171544
2023-04-28,1188.70361328125,1190.5700424456875,1168.86082720526,1168.8854091505673,789944
2023-05-02,1198.9443359375,1201.3755502927877,1192.9030530554408,1198.4285947319715,291696
2023-05-03,1188.50732421875,1201.8668334897004,1185.3393706465781,1201.8668334897004,178778
2023-05-04,1202.259765625,1204.4454005405244,1185.7813470302624,1190.2754066870366,176872
2023-05-05,1199.067138671875,1209.086739721835,1196.3411807663633,1200.3932447061447,162966
2023-05-08,1213.82666015625,1219.7941980607845,1200.8109378898473,1203.8069378606065,185192
2023-05-09,1217.6575927734375,1221.488659491344,1209.9709973009271,1215.61932953919,130440
2023-05-10,1226.0809326171875,1227.8490340751011,1218.8117513028315,1220.825552312272,198166
2023-05-11,1217.2401123046875,1232.3186787720012,1215.0298954635261,1227.6526654406605,197700
2023-05-12,1220.0887451171875,1222.0042182340537,1206.5572837504178,1216.601466465334,122854
2023-05-15,1222.0780029296875,1229.7401362164721,1214.440571503009,1221.0220583661107,135256
2023-05-16,1205.2313232421875,1226.9159588577024,1203.8314712410843,1225.9336402357185,166596
2023-05-17,1197.83935546875,1210.069174386871,1193.1241781033382,1208.4238626369392,316596
2023-05-18,1195.4080810546875,1206.3363752126063,1192.5347512551348,1205.697844155824,113646
2023-05-19,1199.803955078125,1201.2528510223513,1188.3845014192189,1194.8431982120617,109760
2023-05-22,1205.550537109375,1210.7077099102096,1193.5171339074277,1193.5171339074277,288272
2023-05-23,1205.3541259765625,1212.3039823367383,1204.2490175149976,1210.7077145589224,174994
2023-05-24,1196.9798583984375,1209.7254189149699,1195.138010927495,1201.6704539401596,308638
2023-05-25,1197.716552734375,1202.5789819116073,1186.4935145983977,1195.2361742502553,372388
2023-05-26,1231.1153564453125,1232.8098320328506,1202.9227409289526,1205.1084957240587,522242
2023-05-29,1237.623291015625,1242.633092147824,1231.3118457251162,1237.2303395732683,832422
2023-05-30,1237.4266357421875,1246.292084683259,1234.7252597159954,1237.7213792734544,292886
2023-05-31,1215.4718017578125,1232.2940064822646,1209.0867313514511,1231.3116879582092,410152
2023-06-01,1209.2586669921875,1220.2605863324752,1207.2448660831872,1217.0926331221094,480548
2023-06-02,1205.771484375,1219.4503186725935,1203.8560110938863,1215.6192521984292,202448
2023-06-05,1216.50341796875,1219.8923692847006,1207.318762741051,1210.756877953383,238058
2023-06-06,1218.1978759765625,1223.0358431343109,1209.5043801908687,1218.7136172333283,231094
2023-06-07,1226.695068359375,1227.6773870672102,1214.317876623041,1221.0713177394084,422682
2023-06-08,1227.7999267578125,1235.7566826878049,1223.4777013415428,1229.0768688706673,272972
2023-06-09,1219.0081787109375,1231.8766478782884,1217.1172874151387,1225.4669952411941,339280
2023-06-12,1219.59765625,1222.4954480375052,1210.7567892091502,1217.0926959569858,151098
2023-06-13,1237.91796875,1239.3424028017853,1221.1449250345665,1223.3551420934525,411018
2023-06-14,1253.7332763671875,1254.912010721681,1236.051541578154,1236.7636985803247,393474
2023-06-15,1253.217529296875,1258.3009560779383,1245.1870268193952,1251.007312458516,568880
2023-06-16,1264.931640625,1267.68218072929,1255.2067822041306,1255.2067822041306,301130
2023-06-19,1253.1929931640625,1269.1556709135557,1249.2145547447965,1268.2715601635032,331132
2023-06-20,1250.85986328125,1259.332360637332,1245.0887418937739,1252.7017105325722,342718
2023-06-21,1259.135986328125,1261.8373623856216,1251.4492715991785,1255.5750815250613,289420
2023-06-22,1245.383544921875,1263.7036905274656,1243.7381133339713,1258.202730456406,123240
2023-06-23,1235.388427734375,1244.0082974206641,1233.3501646067748,1242.6330274000472,579992
2023-06-26,1225.049560546875,1235.7076938831794,1222.6183458782255,1229.8629458989963,395564
2023-06-27,1225.83544921875,1232.8098875483881,1221.2184796847496,1228.3894536886528,297844
2023-06-28,1242.313720703125,1246.1938308875353,1226.7684581962712,1235.7566966254958,343242
2023-06-30,1252.7999267578125,1255.7468823795796,1244.106431655986,1247.5691284939485,579648
2023-07-03,1284.479736328125,1287.8196434437757,1254.027860701308,1254.027860701308,1034428
2023-07-04,1271.2430419921875,1290.0298849772937,1263.8756525862634,1287.3285088617884,379646
2023-07-05,1269.548583984375,1278.9788185721043,1265.0789863848047,1277.284342967674,123536
2023-07-06,1295.8502197265625,1298.772593652709,1265.2263886362161,1265.2263886362161,1238818
2023-07-07,1294.42578125,1308.9395628618697,1290.4719248169408,1293.1242570415743,1153536
2023-07-10,1343.3941650390625,1353.1437240464174,1312.7458760236161,1319.2537360394474,2221140
2023-07-11,1357.7117919921875,1360.4377503205073,1345.0398569962852,1350.786397310721,1054808
2023-07-12,1358.6448974609375,1376.3266331170578,1356.5820522834458,1360.4377009399052,650442
2023-07-13,1347.3236083984375,1375.2214810881258,1344.6713960987872,1365.8648722840112,523146
2023-07-14,1345.2362060546875,1355.9926670496557,1337.795190363108,1351.2038637064559,998646
2023-07-17,1373.477783203125,1383.1045532001158,1340.1526975030463,1349.0671906038197,907280
2023-07-18,1386.2479248046875,1393.9100576529663,1372.2990490071838,1381.164498127216,728888
2023-07-19,1394.8924560546875,1402.2598457873708,1373.5024438817422,1390.9631815305897,1564670
2023-07-20,1286.7391357421875,1292.731255115579,1268.1732905427148,1271.6114055829157,801360
2023-07-21,1245.67822265625,1283.7922332182816,1239.366897446524,1278.4876886682341,1793976
2023-07-24,1221.7833251953125,1235.1674159504942,1212.9424579074862,1220.0396857200483,456610
2023-07-25,1220.383544921875,1230.354103153371,1218.0997020364878,1223.7234522980534,398476
2023-07-26,1240.5211181640625,1251.1056258987805,1218.1243242594364,1218.1243242594364,265918
2023-07-27,1230.9925537109375,1246.5622792367476,1223.6987902825438,1242.1418456224328,202278
2023-07-28,1241.4542236328125,1248.4777052915142,1228.3893390353567,1232.3431951565815,1289934
2023-07-31,1251.400390625,1254.249018908965,1237.10760565788,1241.601665719609,170040
2023-08-01,1234.111328125,1256.8766089243354,1230.7960029549183,1251.4002308674187,340426
2023-08-02,1221.1939697265625,1233.693949890348,1209.8235600197177,1227.8982461859625,368980
2023-08-03,1215.5946044921875,1227.8490042276303,1207.269478894726,1213.8755470568208,421894
2023-08-04,1232.883544921875,1236.3462421826941,1214.1458644367099,1220.5309357302685,1419590
2023-08-07,1239.4158935546875,1241.8226460368044,1230.3786105310605,1235.26562151251,586260
2023-08-08,1230.67333984375,1244.8924985223177,1227.6281759489766,1240.3246927241842,303510
2023-08-09,1239.465087890625,1242.3382978771906,1218.5662354842725,1231.3363774119593,425596
2023-08-10,1245.4080810546875,1252.4562652572854,1232.2205252676738,1241.1596009039843,401654
2023-08-11,1251.473876953125,1256.5328416469006,1233.841306321896,1245.3098038515218,594940
2023-08-14,1265.5947265625,1268.1733128880858,1239.784281359249,1244.1310891300118,815800
2023-08-16,1264.68603515625,1268.246940085617,1252.7754221166426,1255.7223779202568,175742
2023-08-17,1246.4395751953125,1266.1841560490388,1243.7136169631615,1261.297144754827,279228
2023-08-18,1255.7469482421875,1265.7175059344975,1232.0730941547097,1243.6153376120092,2288622
2023-08-21,1245.631591796875,1263.7601637002385,1243.306799715235,1251.9382741339782,312152
2023-08-22,1246.00244140625,1255.1285566122772,1235.8870428009325,1245.6314601315162,231980
2023-08-23,1248.05517578125,1257.577028649156,1245.5325755306706,1250.4294801293108,314658
2023-08-24,1226.0435791015625,1257.379178531502,1222.5564517896914,1257.379178531502,605208
2023-08-25,1221.7403564453125,1239.0775737959646,1208.8796710486279,1213.8508447486215,2425806
2023-08-28,1208.187255859375,1228.442811792675,1202.968761135408,1223.7437150694898,698806
2023-08-29,1197.15673828125,1212.93576236609,1191.319941269934,1210.3884055672838,440308
2023-08-30,1196.192138671875,1208.5334258775329,1194.584553024028,1202.1278395254637,1847756
2023-08-31,1190.55322265625,1199.9514162447917,1187.140242763166,1197.0578343603468,483982
2023-09-01,1193.59521484375,1199.8523842352731,1187.7831746909876,1191.0972500299224,1446414
2023-09-04,1192.1607666015625,1198.51696140002,1190.1080516419513,1192.1113748838027,487826
2023-09-05,1198.98681640625,1203.9332337851508,1192.581230053002,1196.167382652705,403438
2023-09-06,1201.0396728515625,1204.9472943436317,1196.043742907595,1198.492195400076,350500
2023-09-07,1202.7213134765625,1205.9364845798311,1192.778966836985,1199.926636130114,202216
2023-09-08,1211.40234375,1214.6669066857637,1198.7147110151889,1205.1450534560406,890656
2023-09-11,1223.94140625,1224.7328812955952,1212.8862364225663,1214.815290798266,733192
2023-09-12,1205.9117431640625,1231.5094518777885,1204.5514784498064,1231.5094518777885,314114
2023-09-13,1213.2325439453125,1218.055300974552,1194.8566513644023,1208.681864029126,285892
2023-09-14,1212.4163818359375,1219.2918535164276,1209.3990190051381,1215.013250895151,462886
2023-09-15,1216.8433837890625,1220.3306320570318,1211.674401982992,1219.8112341001618,252974
2023-09-18,1204.947265625,1212.6389687513483,1203.2655320320223,1207.9151160329434,278662
2023-09-20,1178.2861328125,1200.1986652039561,1168.145977179904,1198.4921753596795,5066954
2023-09-21,1169.6051025390625,1182.1937101537533,1166.8598168421354,1177.2225367180429,716226
2023-09-22,1164.411376953125,1179.0526995566513,1162.4080538143362,1171.385752818727,735120
2023-09-25,1157.486328125,1167.3048933608702,1155.3841009111015,1164.3124077013797,382302
2023-09-26,1158.2283935546875,1162.4080921164648,1155.5326202168887,1159.291824993681,278192
2023-09-27,1171.855712890625,1173.141708867738,1156.9669492491319,1161.9133663044936,496260
2023-09-28,1154.4937744140625,1179.22586041265,1150.3634677474429,1179.22586041265,629366
2023-09-29,1160.6768798828125,1172.0536402652137,1154.54337041629,1161.39408627623,304338
2023-10-03,1146.703125,1155.9776569071498,1145.590181171142,1155.9776569071498,533780
2023-10-04,1144.7493896484375,1146.9257649741307,1135.2769279809165,1143.6116895073123,538410
2023-10-05,1144.5267333984375,1152.0205067670584,1142.6223145693023,1150.0419399885834,389904
2023-10-06,1146.530029296875,1150.0420339203706,1143.6116913651167,1149.027994211152,712234
2023-10-09,1136.5631103515625,1143.8838325926456,1135.2028455040086,1142.597715704644,192704
2023-10-10,1141.9051513671875,1146.5299789291632,1139.3824303245556,1140.1739053706738,175596
2023-10-11,1159.934814453125,1162.1607021567663,1144.6009213835953,1145.046050619469,2768192
2023-10-12,1161.8392333984375,1166.859798469788,1156.4970787570428,1161.2455667343984,616010
2023-10-13,1162.7542724609375,1166.365181186164,1152.515212961731,1158.8960428745606,1373428
2023-10-16,1158.89599609375,1164.3865672945124,1155.4830166524982,1161.4187170805078,417654
2023-10-17,1165.1781005859375,1167.35447588018,1158.4509247929582,1163.6199066883894,271286
2023-10-18,1149.349609375,1170.8911608047936,1147.6677549812186,1165.0049723319212,521674
2023-10-19,1140.4212646484375,1148.2612636109277,1138.4426977286205,1145.070848605151,1180672
2023-10-20,1137.2554931640625,1144.9967087498903,1135.722176247643,1138.8878350368864,949106
2023-10-23,1119.2010498046875,1140.9900419246426,1115.0461076231136,1133.7188327258186,500930
2023-10-25,1116.9010009765625,1128.525081367594,1109.1845418589373,1114.40303614436,434962
2023-10-26,1101.17138671875,1116.9010177644057,1098.6240301336652,1116.8762615256676,1364998
2023-10-27,1120.4871826171875,1124.8400540081243,1106.0436682054742,1108.9867623563555,1586372
2023-10-30,1143.290283203125,1149.8442865398772,1123.8260815925148,1129.7370264871936,543498
2023-10-31,1132.0123291015625,1153.9743730995808,1129.1681392199966,1153.9743730995808,293678
2023-11-01,1136.0189208984375,1146.3322496369224,1125.43363580859,1132.6800891033784,526194
2023-11-02,1147.49462890625,1149.5473437151722,1140.891113717317,1142.1277180027248,169218
2023-11-03,1147.098876953125,1154.9883880423577,1145.0460414078882,1151.8473648920776,1626662
2023-11-06,1156.9918212890625,1157.4617068039252,1150.561478473485,1154.9637417885215,653916
2023-11-07,1149.6463623046875,1157.1896491962937,1147.5688910509045,1156.3487823509706,410732
2023-11-08,1155.7799072265625,1157.9562825197786,1148.8549230508781,1154.345373761458,635526
2023-11-09,1142.94384765625,1155.755140724787,1140.1491702293072,1152.7872903901336,423200
2023-11-10,1144.7493896484375,1146.0848981783922,1136.7608531835642,1141.6331225704484,999592
2023-11-13,1144.7493896484375,1150.0420320521198,1143.4385165954798,1150.0420320521198,255768
2023-11-15,1165.821044921875,1168.5169389596017,1150.932401308845,1155.2357602066406,209078
2023-11-16,1169.0115966796875,1174.1310661970053,1160.8252517852598,1162.3833249509344,871212
2023-11-17,1165.3017578125,1173.784815103525,1163.8919805893781,1166.0437204010611,1146200
2023-11-20,1162.0618896484375,1166.3652487292331,1155.9036240015967,1161.9134729707246,327648
2023-11-21,1176.50537109375,1181.0312946810552,1167.05766561509,1168.3685386750235,152016
2023-11-22,1181.080810546875,1184.5433027147435,1173.4880115596204,1173.636428233529,126484
2023-11-23,1184.7410888671875,1187.758451718836,1181.0807883775744,1181.0807883775744,455050
2023-11-24,1184.32080078125,1188.327326616026,1182.2927212421346,1182.2927212421346,1169720
2023-11-28,1184.4443359375,1186.54656321406,1174.774066312897,1183.6776171312686,706244
2023-11-29,1187.387451171875,1192.9521705327097,1186.2745072997081,1189.687486869498,647564
2023-11-30,1175.466552734375,1187.3874666700362,1172.9191961430217,1186.150862351488,8752268
2023-12-01,1183.9002685546875,1185.606758434237,1177.2473611911414,1177.7420029395412,5661114
2023-12-04,1197.527587890625,1209.398989009739,1184.6669033449182,1206.9505366813491,12956730
2023-12-05,1205.7139892578125,1207.173158228422,1197.7008172769486,1203.4633452037494,781640
2023-12-06,1217.1649169921875,1223.5458679559015,1207.074273705486,1208.5334426998756,260700
2023-12-07,1215.631591796875,1217.338081652034,1207.915132327273,1217.164908737711,5782970
2023-12-08,1214.9390869140625,1224.584601394071,1209.1518023784877,1217.4122957550903,2214218
2023-12-11,1216.348876953125,1220.4790633034572,1212.9357762595946,1212.9357762595946,339030
2023-12-12,1198.98681640625,1219.2423714204206,1197.1566661284853,1215.829391733836,196210
2023-12-13,1203.6611328125,1205.9365330665385,1190.2564144387331,1200.866455353687,274592
2023-12-14,1219.0445556640625,1224.2382938805254,1208.2613416907875,1213.3561757126986,7295432
2023-12-15,1234.2301025390625,1236.5796509126537,1221.2952687450995,1222.82858575268,1363156
2023-12-18,1246.472412109375,1253.6199610056115,1232.177314316902,1233.7353874724809,392356
2023-12-19,1265.51611328125,1272.7131746240318,1249.3908652982925,1255.2522973568625,468758
2023-12-20,1250.1328125,1285.0050541269047,1246.4971475148923,1266.4312331930544,1298818
2023-12-21,1267.3709716796875,1272.4658054711247,1241.7732630565074,1241.7732630565074,729590
2023-12-22,1268.607666015625,1276.447786020551,1260.3471729824937,1267.3710616465291,1049116
2023-12-26,1274.9390869140625,1282.5565214175374,1267.7667816724509,1271.2292738580566,180568
2023-12-27,1279.3167724609375,1285.7471153820538,1272.3422752954825,1275.43378631525,207612
2023-12-28,1288.9375,1291.6827858728047,1279.638210920894,1279.638210920894,367620
2023-12-29,1278.57470703125,1293.3892024946047,1275.7551525981673,1290.0503708616652,1696896
2024-01-01,1281.0479736328125,1289.0363895224239,1272.985289024046,1276.6951021174527,135282
2024-01-02,1291.4600830078125,1293.438649986728,1272.9605300598098,1279.9596624428657,172372
2024-01-03,1277.6348876953125,1302.8863732580778,1274.7659413846081,1290.0752002009833,215002
2024-01-04,1284.782470703125,1290.8913447990637,1276.1757523063836,1280.8253365874461,325168
2024-01-05,1289.4073486328125,1295.6892745437335,1285.0544771923935,1286.1426648619627,931030
2024-01-08,1279.193115234375,1301.8971239157356,1270.388467675524,1292.2020970285246,175002
2024-01-09,1276.4725341796875,1289.5557841694695,1274.320794286224,1284.7577834001802,280844
2024-01-10,1310.7757568359375,1315.227532163357,1274.8400854144552,1276.4724271869359,916002
2024-01-11,1344.6341552734375,1347.874083057945,1313.62014007759,1313.62014007759,688390
2024-01-12,1355.3677978515625,1358.5087002527246,1331.3529186790659,1344.633976135046,1213012
2024-01-15,1378.8138427734375,1381.3611994157673,1351.3612263522982,1358.7313399334766,243454
2024-01-16,1359.102294921875,1381.2870247159017,1355.8129757372556,1376.0191386203194,307608
2024-01-17,1346.810546875,1371.1468962049978,1340.9737502206888,1350.2977952764347,231724
2024-01-18,1352.795654296875,1356.3076589761788,1335.5327057752306,1335.5327057752306,317964
2024-01-19,1352.869873046875,1361.7486678511957,1343.8674178114018,1361.7486678511957,966014
2024-01-23,1313.7684326171875,1356.6786026207797,1308.327373596559,1351.4353519869542,204594
2024-01-24,1329.9432373046875,1335.0380714370356,1310.3059841558752,1315.7470433577305,546122
2024-01-25,1340.65234375,1347.8987972357843,1320.7182566512943,1327.8658059374177,4822230
2024-01-29,1432.556640625,1436.9342683705047,1342.061957583493,1342.061957583493,1647900
2024-01-30,1392.3424072265625,1443.3399002540514,1389.3250441840005,1437.1321220101188,606696
2024-01-31,1411.311767578125,1419.3496957344482,1387.4453039755037,1390.6604752380329,217408
2024-02-01,1411.064453125,1427.1650657498863,1403.150185365881,1420.2153252214814,176548
2024-02-02,1441.7569580078125,1459.143566216886,1416.8764552593498,1416.8764552593498,1307244
2024-02-05,1423.1090087890625,1454.2466814381762,1416.653910081271,1444.947392792198,256144
2024-02-06,1413.092529296875,1428.2284938941332,1405.178261555937,1428.2284938941332,230162
2024-02-07,1426.2498779296875,1433.4716952998906,1413.9085912478388,1419.6217272293602,641024
2024-02-08,1435.920166015625,1444.2301711166822,1413.042986320738,1432.2846218078835,197698
2024-02-09,1445.4915771484375,1456.2994266816943,1435.7471590485234,1436.9342509165403,1624342
2024-02-12,1435.920166015625,1445.516287901683,1427.041371237821,1445.4915316630984,294412
2024-02-13,1448.7808837890625,1463.05134613107,1439.1106137293102,1439.6052554637001,645804
2024-02-14,1465.4256591796875,1467.4042261288198,1440.0999056210799,1440.0999056210799,245414
2024-02-15,1455.1865234375,1468.294529879314,1450.7347476648085,1465.8213211167076,163762
2024-02-16,1445.021728515625,1460.825508317783,1443.0431615103557,1456.7447138694154,1085862
2024-02-19,1457.2886962890625,1463.5459866813183,1438.1955978143433,1445.0216778958302,326882
2024-02-20,1454.61767578125,1459.1435993316677,1446.3324267565672,1459.1435993316677,208860
2024-02-21,1453.3563232421875,1472.5484467339772,1442.4494488208695,1456.1511215053335,206810
2024-02-22,1465.796630859375,1468.64082083008,1442.3752964479306,1453.2326583575846,425194
2024-02-23,1477.17333984375,1482.0207320605607,1466.7363513103649,1469.77834956501,1306002
2024-02-26,1471.2376708984375,1478.8551051991728,1466.3901578151786,1478.8551051991728,81748
2024-02-27,1469.28369140625,1483.8509864183604,1462.1608990661275,1468.4923371252012,166422
2024-02-28,1438.912841796875,1475.0216893222005,1434.7331431878108,1466.5632671449716,128666
2024-02-29,1446.703369140625,1463.150206314375,1439.184839156481,1449.8196361259738,384752
2024-03-01,1477.000244140625,1483.4305867976339,1442.721547208911,1442.721547208911,1088814
2024-03-04,1489.6632080078125,1496.192455242047,1471.5840270991255,1474.5271214884115,279590
2024-03-05,1483.0843505859375,1489.7125015854224,1470.5698904335197,1489.7125015854224,141856
2024-03-06,1486.8682861328125,1493.3233848703876,1462.6555975693066,1478.7066975768796,220042
2024-03-07,1463.19970703125,1486.8434844241503,1459.8113629749748,1484.9885779908911,774104
2024-03-11,1449.8939208984375,1476.3572553895065,1447.9896225559028,1476.3572553895065,223174
2024-03-12,1459.2919921875,1472.202189508176,1450.289536949586,1450.289536949586,167000
2024-03-13,1417.0001220703125,1467.0825966069315,1412.622615271803,1461.8888585068378,195914
2024-03-14,1417.272216796875,1433.1502646337722,1410.223572144801,1417.1485563643826,325274
2024-03-15,1403.4222412109375,1417.8657555000846,1398.3026510269613,1412.1773756343957,792002
2024-03-18,1423.7520751953125,1426.0521109403596,1401.641493202653,1403.3974955007068,292820
2024-03-19,1410.0999755859375,1421.4025879325882,1402.3093679860153,1417.44545391358,256412
2024-03-20,1427.9317626953125,1429.6134962634803,1408.764395760112,1410.248320942192,305812
2024-03-21,1435.1041259765625,1441.8806937639501,1429.3414771616938,1430.2071002196997,154182
2024-03-22,1439.35791015625,1444.3538398936148,1432.1609696527935,1433.0018364345501,1124968
2024-03-26,1426.620849609375,1437.057838068518,1423.0842096628953,1428.822101844041,1887730
2024-03-27,1477.9154052734375,1483.8757417682843,1433.4222831238428,1434.287906188821,942050
2024-03-28,1472.4495849609375,1489.4899690891632,1463.644937662045,1481.1305718223796,844526
2024-04-01,1468.838623046875,1478.2368159540615,1466.6127352530675,1476.5055698922115,458710
2024-04-02,1469.72900390625,1477.9399842083342,1459.1931108517397,1468.838624635336,237050
2024-04-03,1455.4337158203125,1467.5524376871786,1453.2573406062195,1467.5524376871786,254218
2024-04-04,1447.5443115234375,1463.4223598539904,1434.7083823840662,1463.4223598539904,209180
2024-04-05,1444.3291015625,1454.9886550421966,1440.3472114664748,1448.310991658525,862624
2024-04-08,1469.5806884765625,1474.279785258968,1446.035692083017,1446.035692083017,296784
2024-04-09,1447.8658447265625,1473.4140415739666,1446.8270487969291,1471.55913510115,119766
2024-04-10,1463.447021484375,1471.064455565434,1451.5508641253743,1459.1682982064335,328710
2024-04-12,1451.822998046875,1470.5698714125654,1447.1732933019082,1461.6663202233874,1355896
2024-04-15,1450.734619140625,1466.3653454403911,1431.0726112198101,1438.7395577046561,603980
2024-04-16,1451.5013427734375,1455.2359118389797,1435.4997559010146,1439.3826208699518,314104
2024-04-18,1448.3851318359375,1469.8278991132179,1443.8592083161648,1448.8056256108414,411428
2024-04-19,1455.0380859375,1457.7091028363502,1427.9069401468728,1443.8343788757932,1061950
2024-04-22,1464.4364013671875,1466.266551674777,1452.5649994643652,1459.1931505552495,351966
2024-04-23,1443.61181640625,1477.0248877398462,1440.6439661755023,1468.368657900165,546866
2024-04-24,1434.7579345703125,1452.5896733739119,1433.8180427708514,1445.4916365890062,156772
2024-04-25,1443.5623779296875,1451.7734789605217,1427.1402966301603,1428.525317627934,385948
2024-04-26,1435.9449462890625,1449.3002730371868,1434.4610210948265,1446.901212334982,901160
2024-04-29,1449.547607421875,1452.0455723412308,1434.5105469515656,1435.920203441952,389292
2024-04-30,1449.869140625,1466.6128124377915,1447.8164256342043,1449.7454801855026,474192
2024-05-02,1450.339111328125,1461.1222047780616,1448.1378589493515,1456.893114460712,249570
2024-05-03,1418.8797607421875,1458.747931311578,1401.1715631769762,1453.5294370612492,687108
2024-05-06,1404.2879638671875,1425.2854825348218,1402.927699020187,1422.095067318832,286808
2024-05-07,1386.95068359375,1405.1535237896387,1377.5772467672775,1400.8254085619137,339140
2024-05-08,1403.2738037109375,1418.113055314209,1382.5236077047907,1382.5236077047907,557738
2024-05-09,1378.4676513671875,1414.1807615210973,1375.1040633188704,1414.1807615210973,212694
2024-05-10,1392.4906005859375,1395.557475883507,1372.7296878706366,1380.1245574897366,765576
2024-05-13,1387.618408203125,1391.5012731553177,1369.1930045721804,1384.0322558185787,263134
2024-05-14,1404.68359375,1411.7322383259439,1384.996828957392,1387.4700375805303,275234
2024-05-15,1400.4049072265625,1414.3785363150116,1397.61022971373,1407.2557435977922,103644
2024-05-16,1409.827880859375,1411.8559603236422,1383.315155720482,1402.3093504696037,142242
2024-05-17,1419.968017578125,1422.0208532545498,1397.8575559726005,1405.9449967191254,830714
2024-05-21,1420.2647705078125,1426.0520543804464,1411.1632905581268,1414.1806533033978,261814
2024-05-22,1444.724853515625,1452.6638775478536,1421.0561980924856,1421.0561980924856,221684
2024-05-23,1470.6688232421875,1475.788413646647,1440.396772370888,1443.5130395404656,394112
2024-05-24,1464.0406494140625,1472.5484632082855,1459.7866821358791,1467.1074040563572,913194
2024-05-27,1450.51220703125,1467.8246686559764,1446.33250830571,1464.5353492521378,269142
2024-05-28,1440.0257568359375,1462.6556163036041,1437.132054369641,1455.211234009353,232640
2024-05-29,1425.285400390625,1442.424808932318,1423.0842688265855,1432.9771035073402,130162
2024-05-30,1409.72900390625,1426.5468236019735,1405.524548982319,1426.5468236019735,108264
2024-05-31,1414.4775390625,1426.6456531602014,1406.3900984741467,1416.9753831886685,1594572
2024-06-03,1494.436279296875,1498.7148818206235,1443.3645222964935,1471.509587534706,630462
2024-06-04,1381.831298828125,1487.85768991238,1345.0051223925675,1487.85768991238,2070856
2024-06-05,1405.845947265625,1415.3431651092467,1369.1930674607938,1409.2095351883959,360172
2024-06-06,1416.5302734375,1427.5360520787865,1406.266457401244,1419.127142555107,510756
2024-06-07,1453.974609375,1456.4725742644075,1411.188099721792,1413.6860646111993,1904410
2024-06-10,1454.5435791015625,1477.2723433733013,1452.045614110351,1456.1016523100038,174132
2024-06-11,1441.138671875,1459.168338674981,1439.407425830187,1459.168338674981,251936
2024-06-12,1447.346435546875,1460.1823640868774,1439.9020534745598,1441.1386577801889,345148
2024-06-13,1448.6324462890625,1457.2145285621991,1444.6259207553917,1457.2145285621991,115126
2024-06-14,1461.4437255859375,1463.4964404297673,1441.0891462446991,1452.3176099568595,372690
2024-06-18,1464.83203125,1471.0645656095592,1454.8402920448927,1469.1849028057122,216044
2024-06-19,1442.9688720703125,1471.6580932347574,1440.0257778446646,1469.7784304543131,195016
2024-06-20,1457.412353515625,1466.5632255742996,1434.8072504744625,1449.2755211618264,198244
2024-06-21,1437.82470703125,1458.7233216079771,1424.8156044559107,1455.9285231777048,1794940
2024-06-24,1426.0521240234375,1433.9663917946393,1421.7981567915594,1430.5038996447386,125386
2024-06-25,1438.66552734375,1440.4462859454752,1426.2499711357361,1431.987863730499,419452
2024-06-26,1497.4783935546875,1502.2270026846277,1429.5888130086007,1434.4363263366342,1445392
2024-06-27,1514.14794921875,1521.023421420474,1489.9105028286351,1494.560087096573,662220
2024-06-28,1549.143798828125,1563.7851220364953,1514.0736266176252,1514.0736266176252,2065782
2024-07-01,1543.4554443359375,1561.8560934196375,1538.533662277309,1548.2039327137795,375212
2024-07-02,1549.3663330078125,1558.121467577965,1539.9928962679862,1550.108295611421,314216
2024-07-03,1536.010986328125,1557.8741266133247,1526.0686392631708,1548.4017858009736,343368
2024-07-04,1537.2969970703125,1550.4545155019364,1534.5270758166994,1541.7735289162463,264962
2024-07-05,1572.985595703125,1581.691218457951,1531.4604429773049,1535.2691604801755,1517954
2024-07-08,1583.892333984375,1591.70757671876,1565.5410774728073,1572.9111909544736,383740
2024-07-09,1573.034912109375,1583.3977533760037,1564.0819688964905,1582.8288429065228,335112
2024-07-10,1566.4808349609375,1580.3803157770092,1546.6210179517257,1575.4338985132313,141816
2024-07-11,1564.799072265625,1586.7364807269462,1553.4964607234474,1571.9713771645822,206364
2024-07-12,1579.6136474609375,1587.7752362071587,1557.453673258162,1569.3993437894635,1444574
2024-07-15,1579.7373046875,1588.5171955936303,1568.5089613149055,1582.9277197657495,318492
2024-07-16,1558.838623046875,1582.853502685357,1552.2598640239112,1579.094177311624,118312
2024-07-18,1568.1875,1576.2254283328484,1541.3531854118753,1559.110775700818,312500
2024-07-19,1538.0885009765625,1572.4661021400523,1535.442119344731,1570.487535166614,1147710
2024-07-22,1484.469482421875,1520.207350741809,1483.3317821845192,1518.624400448713,380146
2024-07-23,1471.880615234375,1490.2813841958964,1447.865855858058,1486.373642072502,527728
2024-07-24,1479.30029296875,1493.8180765540255,1461.0233045620164,1466.5386325006207,328478
2024-07-25,1475.3184814453125,1484.4939889845816,1461.517904634571,1464.6341717055218,174744
2024-07-26,1492.7545166015625,1496.7610419517284,1474.9720507106554,1483.306811738408,1542328
2024-07-29,1504.0819091796875,1510.6359124014687,1496.5138662126733,1503.6861716251885,119056
2024-07-30,1496.5633544921875,1508.607808515631,1494.3868583587114,1501.1140343899729,291482
2024-07-31,1488.9952392578125,1494.2878815151707,1485.4585992608015,1490.8253894713855,125328
2024-08-01,1499.6053466796875,1502.1774595884212,1488.7974970626653,1495.697725218548,139732
2024-08-02,1483.158447265625,1493.001889991287,1476.9012777868131,1484.1229744711538,1224924
2024-08-05,1431.83935546875,1464.1889962499438,1417.5442581381155,1459.2178228367318,494328
2024-08-06,1440.2978515625,1461.8395236247127,1435.0298445417416,1435.0298445417416,388270
2024-08-07,1448.904541015625,1457.2640587655976,1445.8377864216236,1457.0908858540874,244546
2024-08-08,1432.235107421875,1447.9152258718555,1430.6275218238363,1445.837754789895,354424
2024-08-09,1458.352294921875,1461.1964849829014,1440.4215314936648,1448.1626265722957,762512
2024-08-12,1445.0958251953125,1457.2145476725623,1442.474199853928,1450.4873717884975,292948
2024-08-13,1447.766845703125,1454.1971882573987,1442.17749070797,1446.827074711588,2972016
2024-08-14,1445.66455078125,1455.9283663017661,1438.4180980077645,1447.5689696766583,114174
2024-08-16,1462.235107421875,1464.6341681263982,1442.6967590122185,1450.9573725444955,1246510
2024-08-19,1482.678466796875,1492.2154513105327,1475.606734236951,1477.822859082123,184640
2024-08-20,1490.721435546875,1497.842896343753,1484.570950402593,1487.1855084333258,623600
2024-08-21,1492.3150634765625,1501.9267012342257,1484.0729561314367,1486.563011426959,180722
2024-08-22,1491.5928955078125,1499.90965545276,1484.7452437951763,1494.6805395994743,386964
2024-08-23,1494.0081787109375,1505.3130048777448,1492.140637331463,1501.7024248774273,1050992
2024-08-26,1506.06005859375,1517.016301623695,1496.7472763352425,1501.503306149278,390180
2024-08-27,1494.2572021484375,1506.5332472475752,1493.0370994161601,1505.4873754286366,145120
2024-08-28,1491.9166259765625,1501.5033388364636,1486.73735961082,1500.9804029089773,102196
2024-08-29,1514.376953125,1531.284403990149,1488.0570204447545,1501.4783939527704,1091610
2024-08-30,1503.868896484375,1535.8411821779584,1497.494330607697,1535.8411821779584,1391808
2024-09-02,1510.367919921875,1520.6020712022475,1500.407699032895,1509.795134269922,600208
2024-09-03,1503.794189453125,1516.443621272542,1501.6527176578636,1514.7752356497308,413754
2024-09-04,1508.8739013671875,1510.965523457137,1491.9912538464105,1491.9912538464105,402570
2024-09-05,1487.6336669921875,1519.9546572535494,1481.5828813375913,1513.679669357522,624506
2024-09-06,1459.0977783203125,1492.1407397789792,1455.561851098514,1489.0032457291027,2040084
2024-09-09,1457.205322265625,1463.6545413342783,1450.4572479197298,1460.2183135696669,436066
2024-09-10,1455.686279296875,1466.1195863351363,1452.200201994419,1456.5827234915948,435046
2024-09-11,1445.77587890625,1462.6584042953812,1441.8913685309108,1458.6493911617601,257350
2024-09-12,1473.3157958984375,1479.5907835673152,1440.3973394673137,1453.5697070134975,689834
2024-09-13,1466.36865234375,1477.1008150845237,1463.5050887271834,1471.3238381111228,725070
2024-09-16,1465.5966796875,1474.9095836492286,1459.1723857357294,1472.867689697413,82840
2024-09-17,1466.443359375,1471.124614524634,1461.0648158174095,1468.485131691446,360644
2024-09-18,1457.3048095703125,1476.1047263789512,1455.1882626448366,1464.1524613880285,394690
2024-09-19,1463.828857421875,1470.626659755018,1449.8097731360874,1459.645491568245,121612
2024-09-20,1480.63671875,1489.6257210401168,1465.920467733,1468.6346036703785,3406066
2024-09-23,1488.2562255859375,1495.4027330389497,1483.6745480815675,1484.1228309931885,596992
2024-09-24,1483.699462890625,1494.033192471889,1482.2800827238837,1484.0480463185886,463610
2024-09-25,1487.7830810546875,1490.8459219507743,1474.3617076278165,1478.7193042978868,294796
2024-09-26,1494.3817138671875,1498.0172188015704,1482.1307151483036,1486.5380399323055,303052
2024-09-27,1520.12890625,1527.350066597863,1486.064998484319,1494.0331754198917,902318
2024-09-30,1471.0250244140625,1516.0950232321236,1469.1325581577955,1511.9615073108703,850746
2024-10-01,1459.07275390625,1483.0768614639055,1457.1802876572826,1475.4572683153965,1468420
2024-10-03,1402.025634765625,1444.207147173534,1381.9806896277807,1429.4411678984304,7089762
2024-10-04,1381.383056640625,1412.3343943571979,1377.4985461847637,1401.4030762703994,2240234
2024-10-07,1365.0233154296875,1394.4059663518317,1356.0341919746968,1394.4059663518317,1122402
2024-10-08,1392.4638671875,1395.8005170170218,1358.8730450597768,1374.5105439182873,318502
2024-10-09,1369.5802001953125,1395.7755077659601,1366.6169372601778,1395.7755077659601,641084
2024-10-10,1365.5712890625,1380.486696404031,1364.5503420443886,1376.6769603238229,730900
2024-10-11,1365.6458740234375,1378.021497222918,1363.5542519349315,1365.5462961305998,882564
2024-10-14,1367.139892578125,1375.3570747975511,1362.8072208157366,1375.3570747975511,504838
2024-10-15,1338.6038818359375,1366.5423509837472,1335.2921569151501,1354.0671495924048,1287148
2024-10-16,1348.6138916015625,1358.8480427547013,1332.6775383773195,1338.6038210986944,635272
2024-10-17,1351.328125,1363.9029046238195,1347.1199557398668,1363.9029046238195,1662372
2024-10-18,1353.3699951171875,1362.5582749570235,1336.2632663865204,1347.9416015533977,1419472
2024-10-21,1363.6787109375,1368.5343185086278,1352.6228903232618,1364.3758777497208,394020
2024-10-22,1338.30517578125,1370.4766180258077,1335.0681038188648,1364.5004851721735,378276
2024-10-23,1333.524169921875,1352.100006482578,1330.1875201896742,1335.1676307107887,849614
2024-10-24,1334.6446533203125,1338.4545107014264,1318.2352139800448,1332.1795230059008,867390
2024-10-25,1322.4434814453125,1338.5043385734198,1317.239290041679,1338.5043385734198,1470496
2024-10-28,1328.9923095703125,1347.7673014556094,1316.7411893561791,1332.6775426312918,384134
2024-10-29,1333.623779296875,1337.5581396522678,1315.2472196740573,1328.9923736706933,363373
2024-10-31,1327.299072265625,1337.5581488860112,1320.7752002347631,1336.5621267514002,657957
2024-11-01,1333.773193359375,1335.6656596997586,1328.9923601457403,1334.5202099475741,290859
2024-11-04,1296.82080078125,1333.2751860715186,1279.9880026292783,1331.6815749957998,1351832
2024-11-06,1320.277099609375,1323.1654663360341,1295.1275424164128,1306.6315243399822,873762
2024-11-07,1300.456298828125,1318.7332803222923,1298.0159716954213,1316.8906637264013,529604
2024-11-08,1278.892333984375,1297.6175974772261,1272.9162015825789,1297.4681698502363,927106
2024-11-11,1267.9859619140625,1280.83454952222,1261.3125410044054,1277.4978998597549,695566
2024-11-12,1268.0357666015625,1284.270976174873,1263.952100130067,1269.928232991202,592220
2024-11-13,1247.2686767578125,1269.9281795697432,1244.7287717647814,1264.450058010815,525801
2024-11-14,1262.6572265625,1267.4381814998906,1247.268733032014,1249.559632603,799527
2024-11-18,1255.63525390625,1268.0356801134233,1239.0514620307738,1261.511808469161,609245
2024-11-19,1236.3623046875,1275.9043341695572,1230.5354780247956,1254.0416972960165,397953
2024-11-21,1218.334228515625,1242.0894537347,1212.856106765852,1242.0894537347,491073
2024-11-22,1260.9141845703125,1263.603517309969,1218.184931860249,1225.007659229742,1055840
2024-11-25,1282.6773681640625,1299.1614617283826,1277.54782979557,1289.6495231855806,962533
2024-11-26,1290.396484375,1292.6872622614164,1278.89238044968,1291.292807000055,487024
2024-11-27,1287.7569580078125,1298.613622882597,1281.0835371911496,1290.5955965890182,263573
2024-11-28,1266.292724609375,1291.6415610479842,1264.201102430278,1286.8107563964768,481819
2024-11-29,1287.3087158203125,1294.1315644800345,1269.6791732662746,1274.9082892965928,748891
2024-12-02,1303.8427734375,1305.8348176295533,1271.9202166259563,1286.5119646496917,633384
2024-12-03,1318.0858154296875,1321.422465131823,1302.049884013138,1313.6037160010708,344673
2024-12-04,1303.79296875,1323.7134113588618,1299.8088802282275,1321.6715173575603,438492
2024-12-05,1315.9443359375,1324.2113679137638,1301.203281964588,1305.5359537367174,674847
2024-12-06,1306.581787109375,1321.6216959003582,1304.5897429891197,1321.6216959003582,412701
2024-12-09,1289.998046875,1310.2172225501354,1287.7569971504465,1297.816796041497,554024
2024-12-10,1279.8385009765625,1289.8485713417142,1275.6552569466414,1284.8684610276537,438986
2024-12-11,1273.015869140625,1284.8685568893416,1270.2768082635353,1281.3824794094094,594409
2024-12-12,1258.822509765625,1273.0158247244228,1256.0337208298215,1270.1273363105988,683512
2024-12-13,1268.28466796875,1270.077556313728,1235.067356527476,1259.9679080703688,1106984
2024-12-16,1263.005859375,1276.501885738498,1261.8105599166208,1269.9281642639596,465483
2024-12-17,1240.1470947265625,1257.6273312483456,1237.6570394718772,1257.6273312483456,639483
2024-12-18,1248.0655517578125,1254.8882788844633,1236.8104532972573,1238.453914093318,260426
2024-12-19,1225.704833984375,1239.9977275258905,1224.5096560377704,1235.017616773813,424104
2024-12-20,1201.20263671875,1234.818382149312,1197.3181262631617,1225.0573170644727,1166317
2024-12-23,1217.2386474609375,1222.1191803219576,1208.3242978357596,1212.4079643414043,3332773
2024-12-24,1218.633056640625,1228.5434280423472,1216.5911626727618,1226.9996667162807,268064
2024-12-26,1211.760498046875,1223.1151746365056,1209.6190261521854,1219.7785248206897,556935
2024-12-27,1216.0931396484375,1222.7167109591812,1211.8103175506542,1211.8103175506542,653086
2024-12-30,1206.083251953125,1218.4836791504888,1203.8422021041024,1214.798445810435,314452
2024-12-31,1210.614990234375,1214.200766995287,1201.601063348313,1205.5851516740138,444246
2025-01-01,1216.7904052734375,1221.3222328123911,1207.2783457214157,1214.101072691297,380215
2025-01-02,1236.7108154296875,1239.5494539844628,1215.3959190233352,1215.8440803165593,529144
2025-01-03,1246.3721923828125,1257.2787069949434,1230.6848447877983,1242.7865372494687,502895
2025-01-06,1213.3541259765625,1256.681089197343,1210.465759029631,1246.571561713615,782428
2025-01-07,1235.9638671875,1238.4539224757395,1216.5414359392319,1216.7904414680559,512057
2025-01-08,1259.6690673828125,1265.6451998222053,1240.0474811740294,1246.2227693941784,881916
2025-01-09,1250.0076904296875,1264.350432469491,1243.0355359810756,1262.8563993733599,262909
2025-01-10,1237.4080810546875,1251.700974443768,1231.2327924218655,1250.904229682774,498991
2025-01-13,1235.1173095703125,1240.1969981929856,1220.724716623882,1225.1072383789322,810470
2025-01-14,1233.6231689453125,1250.0575329073151,1222.4179207894015,1235.0673522959626,837785
2025-01-15,1247.3184814453125,1251.7507310035576,1237.2088331620369,1242.0395158634863,287139
2025-01-16,1263.6531982421875,1269.9281861488148,1246.422088745673,1255.1870103345286,391749
2025-01-17,1296.1236572265625,1319.8289111676806,1279.5895924627036,1319.8289111676806,1514067
2025-01-20,1299.808837890625,1314.101730679986,1295.3765881884144,1314.101730679986,242236
2025-01-21,1267.88623046875,1307.6275349115406,1264.4998527383368,1304.7888963623534,1210468
2025-01-22,1272.2191162109375,1277.7968158260599,1263.7529280997617,1273.9123051992797,2201402
2025-01-23,1258.822509765625,1272.1692302543527,1256.5317318810075,1269.6791749984232,235409
2025-01-24,1240.9439697265625,1268.0357224532463,1239.0515034028115,1261.8604340123013,430797
2025-01-27,1224.4100341796875,1235.5155834903098,1215.1968296191258,1234.9678442780878,411760
2025-01-28,1228.89208984375,1239.2008940456262,1214.051336548018,1231.680878714431,364260
2025-01-29,1230.8841552734375,1237.8064602090112,1223.5632955976594,1232.3781884179264,358148
2025-01-30,1248.61328125,1251.6013475524096,1227.3482337147966,1230.0872944920054,462230
2025-01-31,1259.868408203125,1260.9640082219164,1244.529643185849,1252.3982422776398,412707
2025-02-01,1259.619384765625,1264.898228993752,1236.5614486198037,1259.9679681869125,266300
2025-02-03,1240.1968994140625,1250.9041366202578,1233.0753173274156,1245.0275821157265,396687
2025-02-04,1280.8843994140625,1283.8724656646395,1241.6909547442713,1242.089387894627,397483
2025-02-05,1272.966064453125,1284.8684796422774,1271.07359818942,1279.8385195183143,355650
2025-02-06,1276.4521484375,1282.229003565054,1265.7449110508285,1271.5217661783824,160168
2025-02-07,1261.810546875,1279.6393664118496,1256.9798641072225,1261.412113726325,375026
2025-02-10,1248.4141845703125,1260.9640393176646,1240.8941687193187,1258.772839226046,539885
2025-02-11,1229.6888427734375,1258.3743274774752,1225.1071654958457,1258.0257440644014,554854
2025-02-12,1210.864013671875,1222.9657064572052,1188.9017994023106,1215.0971075805692,596942
2025-02-13,1211.362060546875,1223.0653205229266,1207.3282438889476,1214.1011213923339,360188
2025-02-14,1212.1090087890625,1219.4298682673352,1201.2026157624232,1215.1469247347895,358010
2025-02-17,1219.8780517578125,1222.3182572384808,1200.3560431582828,1210.913852969635,207944
2025-02-18,1220.0772705078125,1225.0573812027048,1211.5613541703865,1220.3761257833994,206583
2025-02-19,1222.0692138671875,1227.896040166819,1212.7564319537357,1217.885969862824,110206
2025-02-20,1228.1451416015625,1234.4698578388065,1218.1350705157613,1221.3721424529454,206262
2025-02-21,1222.8162841796875,1235.017554911109,1217.4875902588287,1225.057333905867,907589
2025-02-24,1209.9178466796875,1218.1350290094733,1205.7843306453342,1214.5493737643308,477209
2025-02-25,1199.111083984375,1216.1430383370127,1196.2225954486096,1209.1210335849569,881729
2025-02-27,1202.24853515625,1210.1668622879458,1196.2225527636401,1208.7226788639632,193166
2025-02-28,1194.828125,1212.5573675800767,1188.553258520449,1196.2225803014778,437656
2025-03-03,1166.44140625,1204.9875327939867,1151.4014975112186,1204.9875327939867,542446
2025-03-04,1157.078857421875,1169.429556125575,1154.6386518422562,1160.3657790780492,286826
2025-03-05,1171.072998046875,1178.3440080975158,1153.3936055609452,1157.3776940084786,348560
2025-03-06,1205.734619140625,1209.170846801184,1180.784216542672,1196.2225593148453,652420
2025-03-07,1244.1312255859375,1249.5097694365288,1207.477683937125,1209.22072267488,794738
2025-03-10,1233.2745361328125,1252.9958226752663,1230.585325051901,1244.1312015206333,245117
2025-03-11,1242.43798828125,1244.5794601070327,1225.1071794741817,1233.1252059899978,305952
2025-03-12,1251.601318359375,1256.5317005941895,1239.0514644989196,1251.8503238787678,426299
2025-03-13,1242.43798828125,1258.9719307767202,1239.0514888340506,1257.876330786819,302876
2025-03-17,1235.4658203125,1252.198918413522,1228.3442380776503,1242.0395417659274,422823
2025-03-18,1233.8721923828125,1243.135124708749,1229.9876819820597,1238.5534474909466,1740575
2025-03-19,1242.7366943359375,1247.766654448547,1234.419934326684,1237.059417142363,295426
2025-03-20,1263.50390625,1267.7370002509213,1245.0276473297342,1249.2108915908698,612659
2025-03-21,1271.372314453125,1279.390340699025,1264.9978705138406,1264.9978705138406,361299
2025-03-24,1296.17333984375,1300.1077001027174,1275.9043143580523,1281.2828580329478,861533
2025-03-25,1280.286865234375,1301.8009188416675,1277.8963878147354,1301.8009188416675,865836
2025-03-26,1267.488037109375,1288.8028138766936,1263.9521098388159,1285.1175805512469,658347
2025-03-27,1273.314697265625,1280.0378465478557,1266.989981146695,1269.9780474943532,278220
2025-03-28,1269.92822265625,1290.5458322254817,1264.001939584414,1274.211166472435,987799
2025-04-01,1247.4678955078125,1272.7171543261554,1245.0276898695622,1269.5298104892481,722008
2025-04-02,1246.123291015625,1251.003823881153,1238.8524022512336,1245.3762744010462,243303
2025-04-03,1243.6331787109375,1246.2228118726657,1229.6391410558635,1234.0215410596818,532522
2025-04-04,1199.9078369140625,1240.2467340375724,1188.104998739316,1235.067467485238,785059
2025-04-07,1161.5609130859375,1166.341867753318,1111.1124914795048,1120.5248515990459,1433461
2025-04-08,1177.696533203125,1192.0392754902673,1159.220274961793,1173.1645840994845,894893
2025-04-09,1180.8837890625,1184.768299607668,1164.4494242507922,1167.7363458470259,495957
2025-04-11,1214.4498291015625,1217.5872015364528,1192.288336757262,1195.2265534004785,684519
2025-04-15,1234.9677734375,1251.0037042466467,1232.0792851537437,1251.0037042466467,719043
2025-04-16,1233.7227783203125,1235.963828008689,1224.1609906335182,1234.9179561868891,361521
2025-04-17,1269.47998046875,1274.3603913536438,1222.5175154582162,1233.722763767927,392500
2025-04-21,1290.6951904296875,1294.8287063862504,1261.7109721652175,1266.491926791919,729259
2025-04-22,1285.814697265625,1297.8168123529733,1281.3824474996932,1294.8287460160134,759456
2025-04-23,1294.7291259765625,1300.5558308270215,1280.1872279269946,1290.6951879190844,420698
2025-04-24,1296.47216796875,1299.2609568488401,1285.3664974322237,1293.4841017213291,281535
2025-04-25,1294.8785400390625,1319.978247555636,1282.876425468145,1295.8247123711621,1543897
2025-04-28,1363.0562744140625,1369.4308403139464,1314.8986291161605,1327.0500503747423,1269304
2025-04-29,1394.7298583984375,1405.287668819407,1364.749494563548,1364.8989222022578,6415191
2025-04-30,1402.7476806640625,1406.2337579654672,1368.0363352798768,1399.3114531008544,3375628
2025-05-02,1416.2935791015625,1420.3275172479746,1402.7975525722386,1402.7975525722386,3746656
2025-05-05,1425.4072265625,1434.022842186907,1421.3235602019213,1421.3235602019213,428786
2025-05-06,1414.8992919921875,1426.3036967998855,1404.7397932680524,1426.3036967998855,311563
2025-05-07,1400.4071044921875,1419.2319469278411,1396.5724436368046,1406.433086968312,262093
2025-05-08,1399.2615966796875,1414.849366569895,1391.4926973959264,1399.3611745708781,573809
2025-05-09,1372.2694091796875,1389.450789915198,1366.5921320053221,1366.5921320053221,388444
2025-05-12,1430.8355712890625,1433.1761988660571,1394.4309155387841,1394.4309155387841,792769
2025-05-13,1410.56640625,1441.5925180331456,1407.3791842613591,1427.4987814321962,992150
2025-05-14,1418.58447265625,1424.112443932404,1409.869279301332,1412.458912438419,320533
2025-05-15,1448.0169677734375,1455.188278210811,1407.3792177357125,1418.5844662845636,479370
2025-05-16,1450.8057861328125,1454.3914414242827,1441.8415871117718,1447.9671474264292,338754
2025-05-19,1435.915283203125,1448.514987071217,1432.3296279640133,1448.514987071217,550729
2025-05-20,1419.63037109375,1438.8037968338413,1415.5465831488548,1429.9391756812165,670532
2025-05-21,1423.216064453125,1430.387375248849,1412.7079822105557,1419.2817040374248,507422
2025-05-22,1403.7935791015625,1416.8414443600943,1391.8413138415829,1414.3513890975987,388189
2025-05-23,1420.775634765625,1427.996794781501,1400.4070320443886,1400.4070320443886,386757
2025-05-26,1428.445068359375,1435.4669509644436,1420.3773139525158,1424.7099856168732,330120
2025-05-27,1416.094482421875,1431.5826753861081,1408.375310810291,1423.4650706002053,1302990
2025-05-28,1405.53662109375,1416.54259242905,1404.5903271409363,1416.0445813753788,260943
2025-05-29,1411.76171875,1414.5007794665873,1403.3452592336503,1407.7277806971354,309419
2025-05-30,1415.1483154296875,1425.058687160812,1404.3912276056228,1412.1602489879733,228179
2025-06-02,1408.8233642578125,1412.0107078235533,1390.3472278628658,1410.3173973585497,469571
2025-06-03,1400.357177734375,1421.373340634909,1397.418961267951,1414.1521806426122,1503679
2025-06-04,1417.53857421875,1419.3314625948656,1400.5564707223982,1404.7895645582073,312944
2025-06-05,1436.9112548828125,1448.7140920237441,1417.737830151663,1421.2736355278714,427025
2025-06-06,1437.8077392578125,1445.5766386230482,1431.034740399653,1437.9073171500472,1284697
2025-06-09,1442.837646484375,1451.1046788733775,1439.3515689972808,1448.7640511632753,452344
2025-06-10,1432.8773193359375,1447.618494541538,1430.7856973150047,1442.8375399924987,481509
2025-06-11,1442.987060546875,1462.1604865455135,1437.0607775084618,1439.152399664094,654096
2025-06-12,1433.8734130859375,1451.0547945774626,1428.3455632960245,1446.4232674236705,284782
2025-06-13,1421.970947265625,1429.6402686500896,1408.3752215525044,1414.3513540343397,313642
2025-06-16,1432.82763671875,1436.164286427792,1419.3314886663122,1419.3813384050693,350578
2025-06-17,1425.6064453125,1440.2479211886184,1420.1283238971907,1432.279744584532,2874904
2025-06-18,1424.1622314453125,1437.2599468929889,1419.8794091975112,1424.311659083142,277714
2025-06-19,1427.9471435546875,1434.1224320946335,1420.3275499829238,1424.3116384821747,702530
2025-06-20,1458.8238525390625,1464.1525466742978,1422.4191946664305,1424.3116610505074,690290
2025-06-23,1450.5567626953125,1457.180333984917,1436.2638698607316,1436.9610366976463,289434
2025-06-24,1444.2818603515625,1469.1325625209934,1437.558711336636,1460.9153803916386,3665221
2025-06-25,1461.4134521484375,1466.1445572073608,1454.3417194299407,1456.2341857704562,143268
2025-06-26,1489.252197265625,1492.7382746202588,1459.271956332721,1464.1026392071963,366253
2025-06-27,1510.0194091796875,1515.6468369850077,1491.1447167358604,1492.091010716692,340711
2025-06-30,1494.6805419921875,1518.883805315306,1490.447448199418,1510.019306169992,439730
2025-07-01,1522.2205810546875,1525.1089477952958,1494.6805464508648,1494.6805464508648,2842857
2025-07-02,1512.2105712890625,1523.9138311030895,1502.947517015132,1523.8142532088525,284423
2025-07-03,1512.90771484375,1525.6069965741162,1506.6825767406292,1512.7085590583415,168578
2025-07-04,1521.32421875,1523.415840896527,1511.2145698595982,1514.9496528300867,487883
2025-07-07,1535.0692138671875,1538.356135435321,1519.1827099855768,1519.1827099855768,392104
2025-07-08,1532.6788330078125,1539.4517102348698,1524.1627955473054,1528.8939004509812,1461338
2025-07-09,1513.0074462890625,1544.8303043107,1503.9933974913972,1524.9597116995901,548141
2025-07-10,1511.1646728515625,1518.7842661899713,1501.4037292781722,1513.0074109938166,458958
2025-07-11,1488.903564453125,1507.9275616403497,1484.1724596287895,1506.1845230208578,344599
2025-07-14,1478.6943359375,1493.983250344727,1473.465220087213,1488.5051289777598,2020839
2025-07-15,1478.9932861328125,1490.0989572066094,1476.303953429193,1479.1924419250513,892769
2025-07-16,1479.83984375,1484.9693819120157,1466.1445397947164,1466.1445397947164,130747
2025-07-17,1471.2242431640625,1484.4215362005011,1468.13659892154,1484.3219583058515,186828
2025-07-18,1470.9752197265625,1479.142673928818,1463.1564705284313,1476.2043357716777,357136
2025-07-21,1422.5186767578125,1469.0827086945594,1417.3892603469997,1469.0827086945594,1557147
2025-07-22,1407.1800537109375,1427.4988070260913,1404.8393045377684,1427.4988070260913,1522399
2025-07-23,1418.83349609375,1421.223973475368,1409.2218584126028,1421.223973475368,462898
2025-07-24,1397.0704345703125,1416.39328778892,1390.8950245478095,1414.3513938329452,332776
2025-07-25,1386.5623779296875,1396.3731715583838,1378.9926340855288,1396.3731715583838,385434
2025-07-28,1381.781494140625,1401.5026585724981,1379.4905946996514,1386.5623272219605,534884
2025-07-29,1412.3094482421875,1415.2975144579414,1377.9965364985037,1377.9965364985037,1026138
2025-07-30,1404.2916259765625,1417.588497100538,1395.775588127697,1412.3095311754923,317685
2025-07-31,1384.76953125,1396.8213739686983,1378.544393318366,1384.122092588165,527880
2025-08-01,1388.056396484375,1399.6600784522507,1378.7934637567892,1382.4288472122569,421543
2025-08-04,1405.68603515625,1410.3672903816762,1386.0145987261383,1401.2536638705267,275044
2025-08-05,1386.0643310546875,1405.3871841257362,1382.5782537021432,1405.3871841257362,854494
2025-08-06,1387.408935546875,1390.3970018468444,1377.8471477039188,1386.363185292723,134523
2025-08-07,1385.3172607421875,1388.3551766654546,1360.815142331696,1379.5901338851647,642904
2025-08-08,1362.5084228515625,1391.19390880318,1360.0682172691907,1382.4288654333157,938688
2025-08-11,1381.283447265625,1382.6777808877243,1355.7851851543405,1364.5502279531852,901134
2025-08-12,1374.908935546875,1395.675972081236,1369.6299697661282,1379.1420294853908,635905
2025-08-13,1377.1500244140625,1386.163951753158,1372.2196419123743,1384.2716069711237,369167
2025-08-14,1373.75,1380.75,1369.949951171875,1379.800048828125,447771
2025-08-18,1380.949951171875,1395.0,1377.1500244140625,1388.300048828125,422415
2025-08-19,1419.949951171875,1421.800048828125,1389.699951171875,1389.699951171875,1318445
2025-08-20,1412.449951171875,1424.5999755859375,1410.199951171875,1414.949951171875,429887
2025-08-21,1424.6500244140625,1431.800048828125,1421.0,1424.0,1253962
2025-08-22,1409.300048828125,1423.5999755859375,1408.0,1423.5999755859375,334227
2025-08-25,1412.9000244140625,1419.0,1405.550048828125,1413.050048828125,767068
2025-08-26,1385.300048828125,1409.949951171875,1381.4000244140625,1409.949951171875,1696762
2025-08-28,1387.6500244140625,1392.800048828125,1367.0,1387.050048828125,422516
2025-08-29,1357.050048828125,1403.0,1350.300048828125,1384.199951171875,870452
2025-09-01,1353.8499755859375,1363.199951171875,1341.699951171875,1357.8499755859375,314139
2025-09-02,1366.300048828125,1384.6500244140625,1355.0,1357.75,466421
2025-09-03,1371.550048828125,1376.449951171875,1361.1500244140625,1369.9000244140625,308664
2025-09-04,1359.199951171875,1374.449951171875,1356.5999755859375,1370.0,838446
2025-09-05,1374.300048828125,1380.800048828125,1359.3499755859375,1365.9000244140625,371445
2025-09-08,1378.8499755859375,1385.9000244140625,1372.449951171875,1384.0,249868
2025-09-09,1376.3499755859375,1381.300048828125,1369.0,1378.8499755859375,271853
2025-09-10,1376.800048828125,1388.6500244140625,1373.699951171875,1382.199951171875,429951
2025-09-11,1383.5,1385.449951171875,1374.5999755859375,1376.6500244140625,897550
2025-09-12,1394.800048828125,1396.0999755859375,1380.800048828125,1383.5,505338
2025-09-15,1399.300048828125,1400.949951171875,1388.3499755859375,1395.0,304016
2025-09-16,1405.1500244140625,1407.699951171875,1398.0,1402.050048828125,845958
2025-09-17,1413.6500244140625,1415.9000244140625,1407.0,1409.949951171875,602241
2025-09-18,1414.550048828125,1421.800048828125,1410.699951171875,1420.0,697229
2025-09-19,1407.6500244140625,1416.0,1403.550048828125,1415.0,299536
2025-09-22,1390.4000244140625,1410.449951171875,1388.0,1402.699951171875,705990
2025-09-23,1390.3499755859375,1394.9000244140625,1377.0,1390.0,494335
2025-09-24,1383.75,1396.0,1380.199951171875,1389.0,604734
2025-09-25,1372.449951171875,1384.8499755859375,1369.0,1381.0,997953
2025-09-26,1377.75,1382.4000244140625,1365.550048828125,1372.4000244140625,792106
2025-09-29,1374.0,1388.4000244140625,1368.25,1380.0999755859375,477774
2025-09-30,1363.800048828125,1376.050048828125,1362.9000244140625,1374.6500244140625,1226892
2025-10-01,1368.800048828125,1378.199951171875,1363.050048828125,1364.25,1254860
2025-10-03,1363.449951171875,1371.0,1357.199951171875,1363.0,869282
2025-10-06,1375.0999755859375,1377.199951171875,1358.5999755859375,1362.199951171875,674892
2025-10-07,1384.949951171875,1395.75,1375.949951171875,1376.0999755859375,865638
2025-10-08,1367.3499755859375,1389.699951171875,1364.9000244140625,1384.199951171875,596052
2025-10-09,1377.949951171875,1380.1500244140625,1369.5,1371.199951171875,970820
2025-10-10,1381.949951171875,1387.75,1375.550048828125,1377.949951171875,498516
2025-10-13,1375.0999755859375,1377.6500244140625,1367.8499755859375,1376.0,574423
2025-10-14,1375.6500244140625,1387.949951171875,1370.4000244140625,1377.25,548000
2025-10-15,1374.75,1383.5999755859375,1372.699951171875,1380.1500244140625,631457
2025-10-16,1398.050048828125,1400.449951171875,1374.800048828125,1374.800048828125,1163237
2025-10-17,1416.949951171875,1423.449951171875,1399.5,1400.0,970166
2025-10-20,1466.800048828125,1473.550048828125,1435.0,1440.0,1742719
2025-10-21,1465.1500244140625,1473.949951171875,1460.199951171875,1466.050048828125,303848
2025-10-23,1448.050048828125,1482.5,1444.800048828125,1475.0,1083554
2025-10-24,1451.449951171875,1459.949951171875,1441.0999755859375,1450.0,331591
2025-10-27,1484.0,1484.949951171875,1458.699951171875,1461.25,393023
2025-10-28,1487.1500244140625,1492.0999755859375,1478.0,1480.1500244140625,1341632
2025-10-29,1504.050048828125,1508.0,1488.699951171875,1489.0,750041
2025-10-30,1488.449951171875,1503.25,1484.0,1500.0,772640
2025-10-31,1486.5,1497.800048828125,1482.0,1491.0,268477
2025-11-03,1484.3499755859375,1495.0,1479.1500244140625,1486.0,548207
2025-11-04,1471.8499755859375,1492.699951171875,1470.300048828125,1484.300048828125,265941
2025-11-06,1495.75,1501.949951171875,1477.550048828125,1483.0999755859375,1178418
2025-11-07,1478.25,1498.5,1476.25,1497.6500244140625,378528
2025-11-10,1489.25,1500.0,1473.1500244140625,1473.1500244140625,408088
2025-11-11,1493.9000244140625,1498.699951171875,1480.25,1496.0,214867
2025-11-12,1511.75,1524.0,1500.0,1500.0,854483
2025-11-13,1510.5999755859375,1522.0,1505.5999755859375,1512.5,1136211
2025-11-14,1518.8499755859375,1520.699951171875,1506.0,1506.800048828125,283160
2025-11-17,1517.9000244140625,1523.5,1511.449951171875,1518.8499755859375,214052
2025-11-18,1519.6500244140625,1527.800048828125,1510.050048828125,1523.6500244140625,155896
2025-11-19,1518.6500244140625,1522.199951171875,1511.699951171875,1514.0,289954
2025-11-20,1549.0999755859375,1550.9000244140625,1526.800048828125,1530.0,1873543
2025-11-21,1545.949951171875,1557.949951171875,1539.0,1541.0,514303
2025-11-24,1535.75,1550.0,1532.9000244140625,1548.0999755859375,236624
2025-11-25,1539.0999755859375,1560.0,1525.0,1535.0,229673
2025-11-26,1569.75,1571.800048828125,1541.0,1545.0,485790
2025-11-27,1563.550048828125,1575.25,1556.0,1575.25,1112784
2025-11-28,1566.8499755859375,1580.9000244140625,1562.3499755859375,1568.0,479141
2025-12-01,1565.9000244140625,1579.949951171875,1563.75,1575.0,162025
2025-12-02,1546.4000244140625,1567.0,1542.25,1560.050048828125,110289
2025-12-03,1539.0,1552.0,1533.0999755859375,1546.4000244140625,420895
2025-12-04,1538.4000244140625,1560.0999755859375,1518.0,1536.050048828125,1432313
2025-12-05,1540.9000244140625,1546.0,1520.449951171875,1531.800048828125,308198
2025-12-08,1542.550048828125,1550.800048828125,1533.050048828125,1533.050048828125,1730253
2025-12-09,1528.800048828125,1542.949951171875,1520.3499755859375,1540.0,817126
2025-12-10,1535.300048828125,1547.5,1530.9000244140625,1532.0,1143477
2025-12-11,1544.9000244140625,1549.949951171875,1523.75,1536.300048828125,1127154
2025-12-12,1556.0,1559.5,1546.5999755859375,1549.050048828125,102402
